date,open,high,low,close,volume
11/28/21,6.6,6.6,6.4,6.5,569106.0
11/28/21,21.1,21.4,20.7,20.8,334130.0
11/28/21,43.9,43.9,42.0,42.4,144623.0
11/28/21,27.9,28.0,26.7,27.0,203598.0
11/28/21,5.9,5.9,5.8,5.9,220425.0
11/28/21,14.7,14.7,14.3,14.3,1969165.0
11/28/21,28.8,29.1,28.0,28.5,209641.0
11/28/21,307.0,307.0,297.3,298.9,139524.0
11/28/21,152.5,153.9,150.1,151.0,6434.0
11/28/21,88.4,88.4,83.4,83.8,361832.0
11/28/21,56.5,57.6,56.0,56.4,233287.0
11/28/21,26.1,26.4,24.9,25.2,785655.0
11/28/21,26.7,27.2,26.7,26.8,21694.0
11/28/21,22.0,22.5,21.5,21.7,1221810.0
11/28/21,53.0,54.0,52.2,52.3,107884.0
11/28/21,8.7,8.7,8.5,8.5,75610.0
11/28/21,46.3,46.3,43.5,44.1,49364.0
11/28/21,67.6,70.7,67.6,69.0,147383.0
11/28/21,26.5,26.6,26.0,26.2,343456.0
11/28/21,15.1,15.3,14.4,14.5,4345117.0
11/28/21,16.1,16.1,14.4,16.1,85087.0
11/28/21,59.2,62.0,59.2,61.5,1263049.0
11/28/21,380.0,398.9,379.0,392.0,526.0
11/28/21,213.0,216.2,210.4,210.4,9781.0
11/28/21,36.6,36.6,35.4,35.9,56886.0
11/28/21,366.1,390.0,365.1,387.9,515462.0
11/28/21,42.7,42.9,40.9,41.1,212285.0
11/28/21,129.0,132.9,128.0,128.0,5386.0
11/28/21,238.1,245.9,236.5,236.5,1333.0
11/28/21,112.6,119.5,112.6,115.0,2104.0
11/28/21,117.1,117.5,113.1,113.1,570.0
11/28/21,8.7,8.7,8.1,8.3,782266.0
11/28/21,280.0,299.0,280.0,285.6,6961.0
11/28/21,39.0,39.9,38.4,38.8,75967.0
11/28/21,18.4,18.4,17.9,18.0,192782.0
11/28/21,85.0,85.0,80.0,81.1,126096.0
11/28/21,64.1,64.5,62.0,62.4,44333.0
11/28/21,10.0,10.2,9.9,9.9,135302.0
11/28/21,98.0,101.0,98.0,100.0,2564.0
11/28/21,90.0,97.3,89.3,95.6,81970.0
11/28/21,19.8,20.3,19.8,20.1,208923.0
11/28/21,24.4,24.4,23.6,23.7,394209.0
11/28/21,872.0,872.0,868.0,868.0,659.0
11/28/21,628.0,632.0,624.7,627.1,115040.0
11/28/21,32.9,33.3,32.4,32.6,789271.0
11/28/21,16.6,16.7,16.0,16.2,49790.0
11/28/21,58.0,58.3,57.2,57.7,417799.0
11/28/21,128.2,128.2,125.1,126.1,5877.0
11/28/21,24.4,24.5,23.7,23.8,433973.0
11/28/21,62.0,62.5,60.8,61.8,927678.0
11/28/21,172.0,173.5,169.1,169.8,35292.0
11/28/21,16.1,16.8,16.1,16.6,48443.0
11/28/21,26.0,26.9,25.5,26.7,1707438.0
11/28/21,222.4,230.1,216.1,227.7,304037.0
11/28/21,21.5,22.0,20.4,20.6,161490.0
11/28/21,1765.0,1778.0,1761.5,1764.0,1007.0
11/28/21,170.0,170.2,157.0,163.3,5527332.0
11/28/21,49.2,50.7,48.3,48.6,33772.0
11/28/21,6.3,6.8,6.0,6.0,70928.0
11/28/21,117.7,117.7,116.0,116.3,27507.0
11/28/21,46.3,46.3,44.5,44.5,34515.0
11/28/21,36.5,36.9,36.1,36.3,518211.0
11/28/21,53.5,54.2,51.6,53.8,1572599.0
11/28/21,44.9,45.6,44.5,45.1,163781.0
11/28/21,178.0,181.8,175.6,180.8,102796.0
11/28/21,101.3,103.1,98.7,100.0,153285.0
11/28/21,68.5,69.0,67.2,67.3,102193.0
11/28/21,214.0,214.0,204.8,205.7,528607.0
11/28/21,10.1,10.3,9.9,10.0,258338.0
11/28/21,17.4,17.6,17.4,17.5,119735.0
11/28/21,54.6,54.7,50.0,51.8,284542.0
11/28/21,12.2,12.3,11.8,11.9,372904.0
11/28/21,27.8,28.0,27.3,27.4,1056985.0
11/28/21,41.0,41.1,39.0,40.5,461213.0
11/28/21,7.8,7.8,7.5,7.5,218119.0
11/28/21,114.5,115.0,112.4,114.2,91610.0
11/28/21,46.7,46.7,43.0,43.3,225407.0
11/28/21,32.2,33.8,31.5,32.2,146475.0
11/28/21,53.2,54.5,52.7,53.0,53824.0
11/28/21,158.1,161.0,153.2,158.5,113833.0
11/28/21,22.2,22.2,21.2,21.5,487328.0
11/28/21,60.2,60.2,60.1,60.1,350.0
11/28/21,78.0,78.0,76.8,77.3,62818.0
11/28/21,7.8,7.9,7.8,7.9,454941.0
11/28/21,208.0,212.8,204.7,207.8,1045914.0
11/28/21,8.8,8.8,8.6,8.6,349988.0
11/28/21,36.1,36.8,36.1,36.7,15673.0
11/28/21,20.8,20.9,19.4,19.6,1315348.0
11/28/21,38.0,39.0,38.0,38.5,35029.0
11/28/21,14.8,14.8,14.2,14.3,991045.0
11/28/21,71.5,71.5,70.2,70.8,49522.0
11/28/21,24.9,24.9,23.8,23.9,463979.0
11/28/21,66.9,67.0,65.6,66.5,175239.0
11/28/21,154.0,162.9,153.6,156.7,36200.0
11/28/21,15.9,16.0,15.0,15.1,850531.0
11/28/21,47.1,51.0,47.1,51.0,508.0
11/28/21,82.9,83.6,81.0,82.4,599574.0
11/28/21,109.9,109.9,105.5,106.0,106430.0
11/28/21,39.5,39.5,38.1,38.2,63246.0
11/28/21,2343.7,2343.7,2245.1,2304.9,1878.0
11/28/21,37.9,38.5,37.6,38.1,551992.0
11/28/21,7.7,7.7,7.6,7.6,94451.0
11/28/21,6.5,6.5,6.3,6.4,252878.0
11/28/21,124.0,126.7,124.0,124.0,10991.0
11/28/21,57.5,57.5,53.1,56.5,37915.0
11/28/21,50.8,51.6,49.8,50.0,105978.0
11/28/21,33.5,34.0,32.3,32.4,252591.0
11/28/21,33.2,36.6,33.2,36.0,481553.0
11/28/21,42.9,44.1,42.9,43.6,10166.0
11/28/21,41.5,41.5,40.4,40.5,173915.0
11/28/21,34.0,34.6,33.8,33.8,65826.0
11/28/21,10.6,10.8,10.2,10.3,537802.0
11/28/21,6.7,6.8,6.6,6.7,312965.0
11/28/21,13.1,13.1,12.8,12.8,1604965.0
11/28/21,4.6,4.6,4.4,4.4,762812.0
11/28/21,12.0,12.2,11.5,11.5,533718.0
11/28/21,6.6,6.8,6.6,6.8,19266.0
11/28/21,47.5,47.5,46.1,46.5,22860.0
11/28/21,6.9,6.9,6.7,6.7,460500.0
11/28/21,5.6,5.7,5.5,5.6,460758.0
11/28/21,35.5,36.0,35.1,35.1,141807.0
11/28/21,16.2,16.7,15.6,15.8,486530.0
11/28/21,37.2,37.3,36.7,36.9,9979.0
11/28/21,7.3,7.5,7.3,7.4,138263.0
11/28/21,14.4,14.5,13.5,13.6,15694535.0
11/28/21,97.5,97.5,93.1,95.0,1616948.0
11/28/21,16.0,16.6,15.8,16.4,697649.0
11/28/21,14.0,14.0,13.5,13.7,382110.0
11/28/21,34.8,34.8,32.8,33.2,239865.0
11/28/21,238.6,238.6,225.1,227.0,57442.0
11/28/21,163.0,164.7,155.2,159.1,519042.0
11/28/21,5.7,5.7,5.5,5.6,1874952.0
11/28/21,16.7,17.0,16.3,16.3,204031.0
11/28/21,30.7,32.9,30.7,30.7,36579.0
11/28/21,47.0,47.4,46.1,46.3,94300.0
11/28/21,21.5,21.7,20.4,20.6,3125910.0
11/28/21,360.0,361.1,358.7,359.1,49512.0
11/28/21,54.1,54.5,52.7,53.0,584528.0
11/28/21,101.6,103.5,101.6,102.6,14116.0
11/28/21,16.3,16.5,16.3,16.4,117196.0
11/28/21,7.8,7.9,7.7,7.7,321969.0
11/28/21,96.6,96.6,90.1,93.9,39804.0
11/28/21,22.5,22.6,21.9,22.1,744220.0
11/28/21,49.5,49.5,48.0,48.3,120524.0
11/28/21,278.0,281.4,278.0,278.0,4175.0
11/28/21,63.7,63.7,59.6,60.7,108837.0
11/28/21,42.6,43.9,42.6,43.0,6505.0
11/28/21,268.3,268.8,267.6,267.6,20001.0
11/28/21,19.1,19.1,18.4,18.4,263345.0
11/28/21,118.7,118.7,113.0,113.2,97943.0
11/28/21,6.9,6.9,6.7,6.8,36936.0
11/28/21,8.8,8.8,8.7,8.7,10500.0
11/28/21,10.4,10.6,10.0,10.4,82434.0
11/28/21,7.2,7.3,7.0,7.0,41149.0
11/28/21,5.3,5.4,5.3,5.4,288641.0
11/28/21,8.2,8.2,8.0,8.0,21105.0
11/28/21,59.5,60.1,59.5,59.6,219917.0
11/28/21,47.0,47.0,45.2,46.4,214222.0
11/28/21,18.9,18.9,18.0,18.2,25378903.0
11/28/21,5.8,5.9,5.7,5.7,265597.0
11/28/21,6.4,6.5,6.3,6.4,114306.0
11/28/21,6.7,6.9,6.7,6.7,119401.0
11/28/21,24.1,24.5,23.1,23.7,6800.0
11/28/21,116.0,116.0,111.1,112.3,105098.0
11/28/21,27.5,27.5,26.9,27.0,72561.0
11/28/21,19.4,19.7,19.2,19.5,227059.0
11/28/21,39.9,40.0,38.1,38.5,280019.0
11/28/21,31.1,32.0,31.0,31.1,220029.0
11/28/21,26.5,26.8,25.9,26.2,615367.0
11/28/21,66.0,66.0,62.0,62.5,347908.0
11/28/21,36.5,36.5,34.0,35.1,29749.0
11/28/21,33.1,33.1,31.0,31.9,55879.0
11/28/21,24.3,24.3,23.7,23.8,466690.0
11/28/21,171.1,171.5,170.1,170.7,7384.0
11/28/21,42.8,45.7,41.9,42.1,222170.0
11/28/21,323.0,326.0,320.0,320.1,5021.0
11/28/21,104.0,104.0,98.0,98.0,548.0
11/28/21,40.4,41.5,38.8,39.0,195735.0
11/28/21,265.4,278.7,265.4,270.0,759.0
11/28/21,10.2,10.3,9.9,10.0,88507.0
11/28/21,64.1,65.7,62.0,64.7,149979.0
11/28/21,7.0,7.1,6.8,6.9,1290666.0
11/28/21,392.0,392.0,385.0,389.8,6244.0
11/28/21,33.1,33.1,31.9,32.0,225760.0
11/28/21,9.0,9.1,8.6,8.7,332639.0
11/28/21,33.4,33.7,31.8,32.2,667035.0
11/28/21,39.5,40.0,38.7,38.9,4057995.0
11/28/21,57.3,58.4,57.2,58.4,55165.0
11/28/21,75.1,76.6,74.4,74.6,1080417.0
11/28/21,779.9,779.9,755.0,761.0,1523.0
11/28/21,1375.0,1408.0,1370.8,1388.0,2805.0
11/28/21,39.5,39.9,39.2,39.5,125902.0
11/28/21,7.3,7.3,7.0,7.0,1491078.0
11/28/21,24.6,24.6,23.6,23.8,1586008.0
11/28/21,30.7,31.5,30.2,30.5,1171062.0
11/28/21,2291.0,2300.0,2280.1,2280.2,474.0
11/28/21,57.6,60.2,57.6,58.6,235057.0
11/28/21,8.3,8.3,8.1,8.1,481720.0
11/28/21,15.7,15.8,14.9,15.1,9942.0
11/28/21,75.2,76.9,75.0,76.3,9460.0
11/28/21,69.7,70.4,68.5,69.5,52312.0
11/28/21,18.9,19.0,18.0,19.0,17634.0
11/28/21,18.3,18.3,17.5,17.7,7728455.0
11/28/21,46.9,47.0,45.4,46.0,10559.0
11/28/21,21.7,21.7,20.3,20.5,386629.0
11/28/21,25.9,26.2,25.4,25.4,305168.0
11/28/21,65.2,69.1,65.2,67.8,5751.0
11/28/21,17.6,17.7,17.1,17.2,113278.0
11/28/21,25.7,25.7,24.0,24.5,268328.0
11/28/21,64.1,64.8,61.1,62.5,97785.0
11/28/21,13.4,13.4,12.4,12.5,92188.0
11/28/21,88.4,89.0,87.8,88.9,65308.0
11/28/21,24.0,24.0,23.6,23.7,3563346.0
11/28/21,500.2,505.9,496.2,498.5,4568.0
11/28/21,112.1,112.1,108.0,108.9,57064.0
11/28/21,18.7,19.4,18.3,18.6,84911.0
11/28/21,145.0,145.0,134.5,135.3,9183.0
11/28/21,193.5,195.9,191.3,192.8,25127.0
11/28/21,20.0,20.2,19.9,19.9,143110.0
11/28/21,41.2,41.4,39.9,41.0,100048.0
11/28/21,198.0,203.0,191.0,191.4,2715.0
11/28/21,29.0,29.0,27.9,28.5,149548.0
11/28/21,8.0,8.1,7.9,7.9,2518169.0
11/28/21,15.8,15.8,15.2,15.2,3670677.0
11/28/21,8.7,8.8,8.6,8.7,147600.0
11/28/21,38.6,38.6,36.5,37.5,266645.0
11/28/21,19.2,19.7,18.8,19.5,897231.0
11/28/21,56.7,57.8,55.1,55.6,293465.0
11/28/21,56.0,56.0,53.0,53.3,203259.0
11/28/21,13.6,13.6,13.4,13.5,175786.0
11/28/21,259.9,260.0,253.3,254.2,2846.0
11/28/21,51.3,51.9,49.1,49.5,160111.0
11/28/21,50.8,50.8,49.7,50.1,242507.0
11/28/21,32.3,32.7,30.1,30.5,5131793.0
11/28/21,531.0,540.0,530.0,535.0,2694.0
11/28/21,81.0,81.0,79.5,80.0,52297.0
11/28/21,7.1,7.2,6.8,6.9,387303.0
11/28/21,11.1,11.1,10.7,10.8,235337.0
11/28/21,17.4,18.0,17.4,17.7,86826.0
11/28/21,161.8,161.8,159.0,160.3,34848.0
11/28/21,19.1,19.9,18.7,18.9,29645329.0
11/28/21,81.6,84.0,81.0,82.5,265674.0
11/28/21,102.9,103.9,100.2,101.6,1818703.0
11/28/21,48.8,48.8,47.0,47.0,117107.0
11/28/21,214.1,216.8,210.0,210.3,16909.0
11/28/21,127.5,132.0,127.0,128.9,8617.0
11/28/21,75.2,75.2,73.4,73.5,22018.0
11/28/21,12.9,12.9,12.1,12.2,1709493.0
11/28/21,33.3,33.3,31.4,31.9,1418832.0
11/28/21,47.9,47.9,46.1,46.3,106279.0
11/28/21,9.0,9.0,8.6,8.9,439884.0
11/28/21,487.0,488.0,478.0,484.4,24421.0
11/28/21,55.5,55.8,53.6,53.7,76925.0
11/28/21,26.2,26.4,25.2,25.3,96920.0
11/28/21,5.8,5.9,5.7,5.7,271425.0
11/28/21,109.2,109.2,106.0,107.4,64243.0
11/28/21,5.6,5.6,5.5,5.5,933868.0
11/28/21,81.0,81.0,78.0,78.6,24269.0
11/28/21,53.7,53.7,52.8,53.1,905934.0
11/28/21,86.9,88.4,82.0,83.0,109109.0
11/28/21,84.1,84.1,81.1,82.7,21125.0
11/28/21,15.5,15.5,14.9,15.0,5873119.0
11/28/21,61.5,63.0,61.5,61.7,35757.0
11/28/21,9.1,9.1,8.4,8.6,235180.0
11/28/21,7.1,7.1,7.1,7.1,20722.0
11/28/21,22.3,22.4,22.2,22.3,527926.0
11/28/21,16.2,16.4,15.9,16.0,655583.0
11/28/21,52.9,52.9,51.1,51.6,52305.0
11/28/21,59.2,59.2,53.7,53.7,20521.0
11/28/21,23.0,23.2,22.1,22.2,231372.0
11/28/21,100.4,101.3,97.8,98.1,15038.0
11/28/21,120.2,126.0,119.7,122.9,37501.0
11/28/21,98.3,103.4,98.3,100.2,4328168.0
11/28/21,26.4,27.0,26.0,26.1,170331.0
11/28/21,37.7,39.0,36.0,36.6,323162.0
11/28/21,48.7,49.0,47.9,48.8,121547.0
11/28/21,26.9,27.4,26.9,26.9,998801.0
11/28/21,327.0,329.2,315.0,316.1,96363.0
11/28/21,239.6,250.0,236.0,250.0,2047.0
11/28/21,44.1,44.8,43.6,43.8,331909.0
11/28/21,139.9,139.9,135.1,135.7,9252.0
11/28/21,51.6,52.5,51.0,51.4,342058.0
11/28/21,4980.0,4980.0,4836.0,4870.0,229.0
11/28/21,10.1,10.1,10.0,10.0,212555.0
11/28/21,11.0,11.1,10.9,10.9,24350.0
11/28/21,83.6,85.8,81.0,81.2,19890.0
11/28/21,1302.4,1305.0,1299.0,1299.0,10027.0
11/28/21,905.2,905.2,887.2,890.2,377.0
11/28/21,50.2,50.4,47.6,48.5,177621.0
11/28/21,9.8,10.0,9.6,9.7,1087730.0
11/28/21,6.3,6.3,5.8,6.0,341927.0
11/28/21,38.8,39.0,38.5,38.6,562234.0
11/28/21,23.5,23.5,22.1,22.2,90519.0
11/28/21,52.4,52.6,51.8,51.9,74646.0
11/28/21,35.0,35.1,34.1,34.2,231485.0
11/28/21,44.5,44.5,42.0,42.4,632258.0
11/28/21,61.0,61.8,60.3,60.5,40143.0
11/28/21,24.6,25.0,23.9,24.2,653602.0
11/28/21,41.9,43.0,41.5,42.6,3890675.0
11/28/21,15.4,15.5,15.2,15.2,189556.0
11/28/21,20.2,20.2,19.5,19.6,116733.0
11/28/21,26.9,26.9,25.1,25.1,59365.0
11/28/21,53.0,54.4,51.4,51.7,589276.0
11/28/21,73.8,74.6,71.2,73.5,32229.0
11/28/21,83.0,83.0,79.3,80.6,23694.0
11/28/21,32.8,33.3,32.5,32.5,200291.0
11/28/21,25.2,25.2,24.3,24.4,140342.0
11/28/21,165.6,165.6,151.1,158.0,1021.0
11/28/21,18.6,18.8,18.0,18.2,1149421.0
11/28/21,40.1,41.1,39.0,40.6,755838.0
11/28/21,9.0,9.0,8.6,8.6,156034.0
11/28/21,9.6,9.6,9.3,9.5,117961.0
11/28/21,9.6,9.7,9.4,9.5,216401.0
11/28/21,22.8,22.9,22.1,22.6,142339.0
11/28/21,25.2,25.7,24.5,24.8,42010.0
11/28/21,30.3,31.0,29.5,30.4,248271.0
11/28/21,17.4,17.4,16.4,16.5,773915.0
11/28/21,74.0,74.0,66.3,67.9,5218.0
11/28/21,15.7,15.7,14.9,14.9,1103030.0
11/28/21,24.1,25.2,24.0,24.2,255911.0
11/28/21,18.9,18.9,18.3,18.3,140388.0
11/28/21,15.4,15.6,15.1,15.3,167775.0
11/28/21,168.3,168.9,167.8,167.9,13063.0
11/28/21,47.5,49.0,44.0,46.4,30724.0
11/28/21,44.9,44.9,44.9,44.9,15398.0
11/28/21,27.4,27.4,26.5,26.7,186964.0
11/28/21,432.2,432.2,411.0,416.1,2246.0
11/28/21,64.1,64.6,63.6,63.8,34935.0
11/28/21,600.1,608.0,570.0,577.5,22425.0
11/28/21,74.3,75.0,72.1,73.0,104948.0
11/28/21,16.5,16.5,16.1,16.2,2120046.0
11/28/21,31.8,31.8,29.2,29.4,346530.0
11/28/21,98.2,104.9,97.9,98.5,379825.0
11/28/21,51.4,51.8,50.9,51.1,50462.0
11/28/21,218.3,218.7,214.7,217.2,253380.0
11/28/21,21.8,21.8,20.6,20.7,1172236.0
11/28/21,163.0,163.0,157.5,158.0,5111.0
11/28/21,78.1,80.5,75.5,76.3,63482.0
11/28/21,11.0,11.1,10.5,10.6,2368557.0
11/28/21,98.0,103.8,97.5,99.4,57764.0
11/28/21,39.4,39.4,38.5,38.8,417349.0
11/28/21,35.1,35.1,32.6,33.0,7893.0
11/28/21,55.0,55.0,53.1,53.5,5440.0
11/28/21,10.1,10.2,9.8,9.9,111769.0
11/28/21,123.6,123.6,120.2,120.2,252.0
11/28/21,35.4,35.8,35.0,35.3,114945.0
11/28/21,20.0,20.3,18.4,18.4,605149.0
11/28/21,6.1,6.1,5.9,6.1,810616.0
11/28/21,35.0,35.0,33.3,33.5,20432.0
11/28/21,7.3,7.3,6.8,7.0,365018.0
11/28/21,16.3,16.4,16.0,16.1,913824.0
11/28/21,2858.4,2859.7,2844.9,2859.7,166.0
11/28/21,10.1,10.1,9.8,9.9,240587.0
11/28/21,52.3,52.8,51.2,52.6,347354.0
11/28/21,21.1,21.4,20.8,20.9,230273.0
11/28/21,62.9,63.0,60.3,62.4,7010.0
11/28/21,254.0,254.0,246.0,246.9,119889.0
11/28/21,52.7,52.7,49.9,50.3,6955.0
11/28/21,25.0,25.4,24.9,25.2,745627.0
11/28/21,42.7,43.0,42.0,42.4,19629.0
11/28/21,9.8,9.8,9.6,9.6,883466.0
11/28/21,8.8,8.8,8.7,8.7,46400.0
11/28/21,21.9,22.6,21.6,21.8,199287.0
11/28/21,1141.9,1141.9,1115.0,1120.0,8092.0
11/28/21,260.2,267.5,260.1,263.4,19501.0
11/28/21,9.9,10.2,9.8,10.1,963634.0
11/28/21,10.0,10.1,9.8,9.9,67170.0
11/28/21,8.2,8.3,8.0,8.0,101811.0
11/28/21,7.1,7.1,6.9,7.1,91722.0
11/28/21,112.0,118.9,112.0,117.0,254.0
11/29/21,6.5,6.6,6.5,6.6,438076.0
11/29/21,21.1,21.5,20.9,21.1,176847.0
11/29/21,42.4,43.7,42.4,43.5,54808.0
11/29/21,27.3,27.7,27.0,27.0,97484.0
11/29/21,5.9,5.9,5.8,5.8,179132.0
11/29/21,14.6,14.8,14.4,14.6,1524457.0
11/29/21,28.9,30.5,28.0,29.1,340445.0
11/29/21,304.9,304.9,295.1,295.7,97576.0
11/29/21,153.6,155.0,151.0,154.7,16966.0
11/29/21,84.5,85.0,83.9,84.0,65687.0
11/29/21,22.8,23.8,22.8,23.8,3162010.0
11/29/21,56.6,57.8,56.6,57.8,82155.0
11/29/21,25.7,26.1,25.4,25.9,628106.0
11/29/21,31.0,32.6,30.6,32.3,4393814.0
11/29/21,26.8,27.4,26.8,27.2,13190.0
11/29/21,22.0,22.2,21.4,21.5,730989.0
11/29/21,52.8,53.8,52.6,53.2,87108.0
11/29/21,8.9,8.9,8.6,8.7,49692.0
11/29/21,44.1,44.9,43.6,44.0,82988.0
11/29/21,68.5,71.7,68.5,69.2,343336.0
11/29/21,26.0,26.4,26.0,26.3,86347.0
11/29/21,14.8,14.9,14.5,14.7,4957491.0
11/29/21,17.0,17.0,15.5,16.5,60883.0
11/29/21,61.0,62.5,60.6,61.9,1043546.0
11/29/21,393.8,393.8,388.0,390.0,750.0
11/29/21,214.0,214.0,210.1,213.0,3609.0
11/29/21,36.6,36.6,35.6,35.9,10258.0
11/29/21,393.9,394.9,384.1,385.1,181533.0
11/29/21,42.2,43.7,40.5,40.7,115998.0
11/29/21,129.9,132.9,126.0,129.1,19202.0
11/29/21,238.0,241.0,237.0,238.1,723.0
11/29/21,115.8,118.0,114.4,116.5,2605.0
11/29/21,119.9,119.9,115.1,115.8,13609.0
11/29/21,8.4,8.6,8.2,8.3,764380.0
11/29/21,285.0,293.0,285.0,287.2,2279.0
11/29/21,39.5,39.5,36.9,37.4,56725.0
11/29/21,18.3,18.4,17.9,17.9,252047.0
11/29/21,82.8,83.7,81.8,83.2,27710.0
11/29/21,64.7,64.7,62.7,62.7,40546.0
11/29/21,10.0,10.1,9.8,10.0,279368.0
11/29/21,100.0,100.0,98.2,100.0,304.0
11/29/21,96.8,99.6,94.0,94.0,50998.0
11/29/21,111.8,113.0,110.1,112.1,12972.0
11/29/21,19.9,20.2,19.9,20.2,80703.0
11/29/21,23.9,24.0,23.7,23.9,233211.0
11/29/21,882.0,883.3,872.0,875.2,1162.0
11/29/21,627.1,628.1,624.9,626.7,116877.0
11/29/21,33.2,33.7,32.8,33.3,636778.0
11/29/21,16.3,16.5,16.0,16.3,245558.0
11/29/21,57.9,59.9,57.8,58.0,287953.0
11/29/21,126.1,128.3,126.1,126.1,1904.0
11/29/21,23.9,24.3,23.7,23.8,211005.0
11/29/21,61.5,63.0,61.3,62.6,342202.0
11/29/21,173.0,174.9,170.6,174.1,19694.0
11/29/21,19.2,19.7,19.0,19.6,635175.0
11/29/21,16.8,16.9,16.4,16.5,67042.0
11/29/21,27.0,27.3,24.8,25.7,1282886.0
11/29/21,217.2,228.8,217.0,225.9,259125.0
11/29/21,21.3,21.7,21.1,21.7,77924.0
11/29/21,1762.5,1762.5,1760.0,1760.9,1517.0
11/29/21,162.6,164.0,157.5,158.8,5200809.0
11/29/21,49.9,50.2,48.1,48.4,35431.0
11/29/21,6.7,6.7,5.8,6.4,24180.0
11/29/21,117.1,120.7,117.1,120.0,1760.0
11/29/21,44.8,45.4,44.7,45.1,23115.0
11/29/21,36.4,37.1,36.4,36.9,388579.0
11/29/21,53.5,55.6,53.5,55.0,5939840.0
11/29/21,45.1,46.1,45.1,45.3,373225.0
11/29/21,180.0,180.9,179.0,179.5,118732.0
11/29/21,98.2,102.6,98.0,100.6,116844.0
11/29/21,67.5,67.7,66.8,67.5,162091.0
11/29/21,206.2,209.9,197.6,200.4,1778562.0
11/29/21,10.2,10.3,10.0,10.1,102662.0
11/29/21,17.9,18.3,17.5,17.8,159106.0
11/29/21,52.0,52.0,50.8,52.0,65810.0
11/29/21,11.8,12.1,11.6,12.0,263659.0
11/29/21,27.4,27.9,27.4,27.7,415061.0
11/29/21,39.8,40.4,39.5,39.9,349397.0
11/29/21,7.6,7.8,7.6,7.7,104339.0
11/29/21,114.5,115.8,114.5,114.8,29326.0
11/29/21,44.1,44.2,43.6,43.9,122071.0
11/29/21,32.8,33.3,32.8,33.0,62673.0
11/29/21,53.1,54.5,53.0,53.9,34301.0
11/29/21,162.5,169.9,160.2,161.6,101433.0
11/29/21,21.6,22.1,21.4,21.6,315510.0
11/29/21,60.1,62.6,60.1,61.9,16925.0
11/29/21,78.4,78.4,77.5,77.9,40497.0
11/29/21,7.9,8.2,7.9,7.9,623066.0
11/29/21,209.7,213.7,205.8,206.7,1145653.0
11/29/21,8.8,8.9,8.6,8.8,419561.0
11/29/21,36.3,36.3,35.9,35.9,19759.0
11/29/21,19.7,21.4,19.7,21.2,834224.0
11/29/21,39.4,39.5,38.6,38.6,20521.0
11/29/21,14.5,14.7,14.3,14.6,562126.0
11/29/21,72.8,72.8,70.6,71.1,11061.0
11/29/21,24.6,24.6,24.0,24.1,169052.0
11/29/21,66.0,67.4,66.0,66.4,81202.0
11/29/21,160.0,160.0,147.2,152.0,24820.0
11/29/21,15.1,15.5,15.1,15.3,610783.0
11/29/21,51.4,51.4,49.7,50.1,4140.0
11/29/21,83.0,84.3,81.9,83.0,489360.0
11/29/21,106.0,108.7,106.0,107.2,62791.0
11/29/21,38.8,39.0,38.1,38.5,124181.0
11/29/21,2305.0,2369.0,2305.0,2324.6,6097.0
11/29/21,38.1,38.4,38.0,38.1,79934.0
11/29/21,7.8,7.8,7.6,7.7,104606.0
11/29/21,6.4,6.5,6.4,6.4,170621.0
11/29/21,128.0,128.0,123.2,124.7,590.0
11/29/21,58.8,58.8,55.0,57.1,71013.0
11/29/21,50.0,51.0,49.9,50.4,79812.0
11/29/21,33.0,33.1,32.0,32.6,297632.0
11/29/21,36.5,36.9,33.9,34.3,171120.0
11/29/21,44.8,44.9,43.3,43.5,16458.0
11/29/21,40.8,41.4,40.3,40.4,125966.0
11/29/21,34.0,34.3,33.2,33.9,24488.0
11/29/21,10.4,10.6,10.4,10.5,377250.0
11/29/21,6.7,6.7,6.6,6.7,386209.0
11/29/21,12.9,13.2,12.9,13.1,1349019.0
11/29/21,4.6,4.8,4.6,4.8,2060860.0
11/29/21,11.7,12.1,11.7,12.0,766542.0
11/29/21,6.8,6.8,6.7,6.8,73547.0
11/29/21,48.7,48.7,48.1,48.1,32077.0
11/29/21,6.8,7.0,6.7,6.9,720822.0
11/29/21,5.6,5.6,5.5,5.5,841520.0
11/29/21,36.0,36.0,35.2,35.4,132785.0
11/29/21,16.2,16.4,16.0,16.2,230539.0
11/29/21,36.9,37.6,36.9,37.6,11045.0
11/29/21,7.5,7.6,7.4,7.5,101887.0
11/29/21,13.8,14.2,13.7,14.0,12759125.0
11/29/21,95.9,97.5,92.8,94.4,1610904.0
11/29/21,16.4,17.1,16.4,16.7,799092.0
11/29/21,13.9,14.2,13.8,13.9,317010.0
11/29/21,33.7,34.2,33.0,33.2,154467.0
11/29/21,227.0,234.8,225.0,225.9,35557.0
11/29/21,162.5,168.7,160.0,164.8,3564698.0
11/29/21,5.7,6.1,5.7,6.1,2946054.0
11/29/21,16.3,16.6,16.2,16.5,161993.0
11/29/21,33.6,33.6,30.1,32.0,9101.0
11/29/21,47.4,47.4,46.2,46.8,63211.0
11/29/21,20.8,21.4,20.6,21.1,2316927.0
11/29/21,360.4,361.4,359.2,359.9,29897.0
11/29/21,53.2,54.4,52.8,53.4,683110.0
11/29/21,103.0,104.5,101.0,101.4,28542.0
11/29/21,16.5,16.5,16.3,16.5,250051.0
11/29/21,7.8,7.8,7.7,7.8,117155.0
11/29/21,90.8,95.8,90.8,93.5,17948.0
11/29/21,22.3,22.5,22.1,22.3,508654.0
11/29/21,48.1,49.7,48.0,48.7,114591.0
11/29/21,282.5,287.0,275.6,284.1,5700.0
11/29/21,26.4,27.4,26.1,26.4,587055.0
11/29/21,44.0,45.1,44.0,44.1,14499.0
11/29/21,267.0,268.9,267.0,268.9,5577.0
11/29/21,18.8,19.0,18.6,18.8,427283.0
11/29/21,114.9,117.0,114.3,115.6,78868.0
11/29/21,6.9,6.9,6.6,6.8,59759.0
11/29/21,8.9,8.9,8.7,8.9,1062.0
11/29/21,10.4,10.5,10.2,10.5,12903.0
11/29/21,7.2,7.3,7.1,7.3,12056.0
11/29/21,5.5,5.5,5.4,5.4,152909.0
11/29/21,8.1,8.1,8.0,8.0,20001.0
11/29/21,60.0,61.5,59.6,60.6,482561.0
11/29/21,46.4,47.0,46.0,46.8,109929.0
11/29/21,18.4,18.9,18.3,18.7,11431485.0
11/29/21,5.9,5.9,5.8,5.8,267640.0
11/29/21,6.4,6.5,6.4,6.5,21075.0
11/29/21,6.7,6.9,6.7,6.8,130525.0
11/29/21,24.9,24.9,23.4,23.7,2502.0
11/29/21,114.3,114.4,110.0,110.0,70026.0
11/29/21,27.1,27.6,27.1,27.3,30184.0
11/29/21,19.7,20.2,19.3,19.9,544871.0
11/29/21,39.9,39.9,39.2,39.9,187377.0
11/29/21,31.5,31.6,31.1,31.5,361703.0
11/29/21,26.2,27.1,26.1,26.9,554763.0
11/29/21,63.6,64.4,63.0,64.0,101044.0
11/29/21,36.8,36.8,34.1,35.8,20575.0
11/29/21,31.0,32.5,31.0,32.0,11380.0
11/29/21,24.0,24.1,23.7,24.0,419456.0
11/29/21,173.6,173.6,171.0,171.2,1156.0
11/29/21,43.6,43.6,42.7,42.9,93826.0
11/29/21,325.0,325.0,321.0,322.3,4257.0
11/29/21,40.3,40.7,39.3,39.7,73905.0
11/29/21,277.0,281.0,270.0,275.0,5711.0
11/29/21,10.4,10.5,10.0,10.2,211893.0
11/29/21,64.7,66.5,64.7,65.0,159910.0
11/29/21,6.9,7.1,6.9,7.0,2044532.0
11/29/21,394.5,394.5,385.8,386.7,3335.0
11/29/21,32.3,32.9,32.0,32.4,135072.0
11/29/21,8.8,9.1,8.7,8.9,190855.0
11/29/21,33.0,33.1,31.4,31.9,258338.0
11/29/21,39.4,39.8,39.2,39.4,1293818.0
11/29/21,58.5,59.0,57.6,57.8,25209.0
11/29/21,75.3,76.8,74.7,75.3,935895.0
11/29/21,779.5,779.5,754.0,773.7,864.0
11/29/21,1389.9,1403.5,1383.0,1397.7,2000.0
11/29/21,37.4,37.7,36.9,37.2,529184.0
11/29/21,39.4,40.2,39.4,39.7,173134.0
11/29/21,7.0,7.2,7.0,7.0,514410.0
11/29/21,24.0,24.5,23.9,24.0,819664.0
11/29/21,30.9,31.2,30.1,30.4,976639.0
11/29/21,2278.1,2291.0,2278.1,2283.2,1956.0
11/29/21,58.2,59.9,58.2,59.1,279701.0
11/29/21,8.2,8.2,8.1,8.1,364328.0
11/29/21,15.5,15.5,15.0,15.3,9565.0
11/29/21,75.7,77.0,75.5,76.9,14179.0
11/29/21,71.7,71.7,69.2,69.5,51737.0
11/29/21,18.7,19.1,18.4,19.0,13282.0
11/29/21,18.2,18.5,17.9,18.1,6001670.0
11/29/21,48.3,48.3,46.0,46.2,14606.0
11/29/21,21.0,21.3,20.6,20.8,308316.0
11/29/21,26.0,27.3,25.4,26.6,756789.0
11/29/21,67.0,68.9,67.0,67.5,1355.0
11/29/21,17.3,18.0,17.2,17.5,99129.0
11/29/21,25.0,26.0,24.0,25.3,331654.0
11/29/21,63.9,63.9,62.5,62.6,39233.0
11/29/21,12.5,12.8,12.2,12.6,13658.0
11/29/21,88.1,88.7,86.5,87.0,68577.0
11/29/21,23.9,24.2,23.7,23.8,2775627.0
11/29/21,500.0,508.0,498.8,503.5,3283.0
11/29/21,111.8,111.8,109.0,110.6,39388.0
11/29/21,18.8,19.0,18.5,18.9,94523.0
11/29/21,136.0,140.0,133.1,135.0,14303.0
11/29/21,197.0,197.0,192.1,192.2,17085.0
11/29/21,19.8,20.3,19.8,19.9,55921.0
11/29/21,41.3,41.4,40.7,41.2,282349.0
11/29/21,194.9,197.0,192.1,196.0,7909.0
11/29/21,28.8,29.3,28.0,28.7,160027.0
11/29/21,8.0,8.1,7.9,8.0,2195112.0
11/29/21,15.4,15.8,15.4,15.6,1633840.0
11/29/21,8.7,8.7,8.6,8.6,67452.0
11/29/21,38.3,38.3,36.7,37.3,203524.0
11/29/21,19.4,21.3,19.3,20.9,1359005.0
11/29/21,56.5,57.0,55.9,56.6,1021749.0
11/29/21,54.7,54.8,53.8,54.0,65459.0
11/29/21,13.6,13.6,13.5,13.5,1500.0
11/29/21,258.9,258.9,251.4,252.9,3608.0
11/29/21,50.9,50.9,47.7,48.9,213855.0
11/29/21,50.7,51.3,49.6,50.0,178114.0
11/29/21,30.9,31.7,30.6,30.9,3416304.0
11/29/21,515.0,540.0,515.0,531.2,2501.0
11/29/21,82.6,82.6,80.0,80.7,35881.0
11/29/21,7.0,7.1,6.9,7.0,251549.0
11/29/21,10.9,11.2,10.7,11.0,174866.0
11/29/21,18.0,18.0,17.7,17.8,32208.0
11/29/21,161.4,163.5,160.0,161.3,38046.0
11/29/21,47.8,48.0,47.0,47.9,106799.0
11/29/21,210.3,213.9,210.0,211.0,9572.0
11/29/21,128.5,134.9,128.1,133.1,68074.0
11/29/21,74.8,74.8,73.2,73.9,43197.0
11/29/21,12.3,12.8,12.3,12.4,1112288.0
11/29/21,32.3,33.0,31.8,32.0,648930.0
11/29/21,47.1,47.1,46.3,46.8,66575.0
11/29/21,9.0,9.1,8.7,8.7,191530.0
11/29/21,485.0,493.0,485.0,487.3,11613.0
11/29/21,56.8,56.8,54.1,54.9,5269.0
11/29/21,25.3,26.3,25.3,26.1,50783.0
11/29/21,5.8,5.8,5.7,5.7,204619.0
11/29/21,109.0,109.0,107.0,107.3,31997.0
11/29/21,5.6,5.7,5.5,5.6,620385.0
11/29/21,84.0,84.0,78.0,78.0,23954.0
11/29/21,53.5,54.9,53.3,54.0,714416.0
11/29/21,85.3,85.3,82.0,82.5,26270.0
11/29/21,83.0,84.5,82.5,84.2,13410.0
11/29/21,15.1,15.4,15.0,15.4,4504283.0
11/29/21,61.1,63.5,61.1,62.5,67680.0
11/29/21,8.8,8.9,8.7,8.8,241712.0
11/29/21,7.1,7.3,7.1,7.2,2831.0
11/29/21,22.9,22.9,22.2,22.3,525949.0
11/29/21,16.2,16.4,16.0,16.1,781969.0
11/29/21,51.4,53.0,51.4,53.0,80893.0
11/29/21,56.0,56.0,54.5,55.1,18341.0
11/29/21,22.2,22.9,22.1,22.2,133110.0
11/29/21,100.9,102.0,98.9,101.0,9870.0
11/29/21,122.1,125.8,115.7,119.5,23563.0
11/29/21,100.0,101.9,98.3,99.1,2274210.0
11/29/21,26.2,26.9,26.2,26.6,55621.0
11/29/21,37.7,37.7,36.1,36.3,137067.0
11/29/21,47.6,49.0,47.6,48.3,50614.0
11/29/21,25.5,26.9,25.5,26.1,371413.0
11/29/21,317.0,323.3,315.0,316.3,134584.0
11/29/21,255.6,259.9,250.0,254.0,1688.0
11/29/21,44.5,44.5,43.8,44.2,140503.0
11/29/21,135.0,136.8,135.0,135.2,4253.0
11/29/21,4997.0,4997.0,4861.2,4900.0,122.0
11/29/21,10.1,10.3,10.0,10.2,66132.0
11/29/21,11.0,11.0,10.9,11.0,19305.0
11/29/21,84.9,84.9,81.0,81.5,8262.0
11/29/21,1300.0,1304.0,1291.6,1293.0,14675.0
11/29/21,890.7,895.0,890.7,890.7,56.0
11/29/21,49.0,49.5,47.9,48.0,92793.0
11/29/21,9.8,9.9,9.7,9.8,734603.0
11/29/21,6.0,6.2,5.9,6.1,523619.0
11/29/21,38.6,38.8,38.6,38.6,262101.0
11/29/21,22.2,22.5,22.2,22.4,235227.0
11/29/21,52.0,52.0,51.0,51.8,44470.0
11/29/21,34.3,35.7,34.3,35.2,131440.0
11/29/21,42.6,43.7,42.6,43.4,160089.0
11/29/21,63.0,63.0,60.4,61.1,13716.0
11/29/21,24.8,24.9,24.1,24.3,370308.0
11/29/21,42.7,43.0,41.8,41.9,2482236.0
11/29/21,15.5,15.6,15.2,15.3,99845.0
11/29/21,19.9,20.0,18.9,19.3,1213989.0
11/29/21,26.1,26.3,25.0,26.3,84514.0
11/29/21,52.7,56.3,51.9,55.7,918106.0
11/29/21,73.0,74.1,71.9,72.0,18959.0
11/29/21,80.0,82.9,80.0,82.4,58447.0
11/29/21,32.9,33.0,32.0,32.1,127097.0
11/29/21,25.1,25.1,24.5,24.7,90088.0
11/29/21,170.0,173.0,152.0,160.0,1209.0
11/29/21,18.5,18.5,18.1,18.2,891668.0
11/29/21,40.6,42.6,40.6,42.0,649991.0
11/29/21,8.8,8.9,8.7,8.7,66834.0
11/29/21,9.7,9.7,9.5,9.6,36707.0
11/29/21,9.9,9.9,9.5,9.8,107286.0
11/29/21,22.5,22.5,22.3,22.3,142490.0
11/29/21,25.9,25.9,24.8,25.2,68925.0
11/29/21,30.7,31.2,30.3,30.9,217592.0
11/29/21,16.5,17.0,15.6,15.9,749780.0
11/29/21,67.9,74.4,67.9,73.4,4261.0
11/29/21,15.0,15.3,15.0,15.1,866946.0
11/29/21,24.9,25.1,24.7,25.0,181494.0
11/29/21,18.4,18.9,18.4,18.9,349445.0
11/29/21,15.4,15.4,14.9,15.2,165951.0
11/29/21,168.0,169.9,168.0,169.8,8145.0
11/29/21,47.0,50.0,45.0,47.0,52826.0
11/29/21,49.3,49.3,49.3,49.3,42907.0
11/29/21,27.4,27.6,26.6,27.1,273263.0
11/29/21,418.2,423.8,415.5,416.4,1732.0
11/29/21,63.2,65.0,63.2,64.7,91040.0
11/29/21,581.0,593.8,558.6,565.8,82036.0
11/29/21,74.3,74.4,72.7,73.3,58128.0
11/29/21,17.6,17.6,16.8,16.9,54513.0
11/29/21,16.2,16.7,16.2,16.4,886153.0
11/29/21,29.7,30.7,29.7,30.0,413621.0
11/29/21,100.7,101.2,96.7,97.4,414855.0
11/29/21,51.0,53.0,50.9,52.0,146183.0
11/29/21,216.1,217.9,215.4,217.2,288023.0
11/29/21,20.5,21.0,20.5,20.6,1063248.0
11/29/21,155.1,159.9,155.1,157.5,2878.0
11/29/21,75.8,78.1,75.8,77.3,51867.0
11/29/21,10.6,10.9,10.5,10.6,1795414.0
11/29/21,100.5,101.0,97.1,97.7,59522.0
11/29/21,39.1,39.1,38.8,38.9,422900.0
11/29/21,34.5,34.7,33.0,33.0,13299.0
11/29/21,54.5,54.5,50.0,52.5,41338.0
11/29/21,10.1,10.2,9.8,9.9,126203.0
11/29/21,120.6,126.9,120.6,123.0,4942.0
11/29/21,35.6,35.9,35.4,35.6,86076.0
11/29/21,18.5,19.1,17.6,18.2,632626.0
11/29/21,6.1,6.1,6.0,6.0,235911.0
11/29/21,33.1,34.9,33.0,34.0,15111.0
11/29/21,7.0,7.1,6.8,6.9,257486.0
11/29/21,16.3,16.5,16.1,16.4,419892.0
11/29/21,2855.6,2863.9,2841.0,2861.0,432.0
11/29/21,9.8,10.3,9.8,10.3,249008.0
11/29/21,52.6,55.2,52.6,53.9,571215.0
11/29/21,21.2,21.4,20.9,21.1,234369.0
11/29/21,63.0,63.5,60.5,61.4,30614.0
11/29/21,247.5,248.9,245.4,248.2,68033.0
11/29/21,52.0,52.0,50.6,51.8,7018.0
11/29/21,25.0,25.4,25.0,25.3,592205.0
11/29/21,42.3,42.4,41.8,42.0,58936.0
11/29/21,9.6,9.9,9.6,9.8,1271465.0
11/29/21,8.8,8.8,8.7,8.8,66795.0
11/29/21,22.2,22.2,21.8,21.9,104566.0
11/29/21,1121.2,1128.0,1117.0,1119.5,4984.0
11/29/21,268.0,268.0,265.0,266.3,3970.0
11/29/21,10.2,10.6,10.2,10.3,913995.0
11/29/21,10.1,10.4,10.0,10.4,179776.0
11/29/21,8.2,8.4,8.1,8.1,159264.0
11/29/21,7.1,7.2,7.0,7.0,107170.0
11/29/21,115.1,116.0,106.0,116.0,1180.0
11/30/21,6.5,6.6,6.4,6.5,502665.0
11/30/21,21.2,21.5,21.0,21.5,326072.0
11/30/21,43.3,43.7,42.0,42.0,98723.0
11/30/21,27.3,27.8,27.0,27.5,245790.0
11/30/21,5.9,5.9,5.7,5.7,352028.0
11/30/21,14.8,15.0,14.5,14.6,2075086.0
11/30/21,29.0,32.0,29.0,30.9,377689.0
11/30/21,297.0,299.8,285.2,289.4,108481.0
11/30/21,154.5,155.5,146.3,148.0,14143.0
11/30/21,85.9,85.9,83.6,83.7,115083.0
11/30/21,24.5,25.3,24.0,24.3,3828204.0
11/30/21,59.0,59.0,55.5,55.9,102125.0
11/30/21,26.0,26.2,25.1,25.2,654983.0
11/30/21,32.6,32.9,31.1,31.4,1058437.0
11/30/21,27.0,27.5,26.9,27.0,34796.0
11/30/21,21.4,21.9,20.8,21.1,801374.0
11/30/21,53.2,53.2,52.2,52.7,190161.0
11/30/21,8.8,8.8,8.4,8.5,66028.0
11/30/21,69.1,71.8,67.2,67.3,149574.0
11/30/21,26.8,26.9,26.3,26.4,165020.0
11/30/21,16.7,16.7,15.6,16.3,76698.0
11/30/21,61.0,62.6,60.3,61.0,971962.0
11/30/21,388.9,390.0,382.0,382.1,1087.0
11/30/21,212.8,214.8,208.0,208.5,7505.0
11/30/21,36.4,36.4,35.5,36.1,33990.0
11/30/21,385.0,399.0,380.0,393.8,206048.0
11/30/21,41.0,42.0,40.5,41.0,99743.0
11/30/21,126.2,131.9,126.1,126.5,7396.0
11/30/21,234.0,242.0,231.0,241.5,4430.0
11/30/21,112.1,120.8,112.1,117.7,13965.0
11/30/21,118.9,119.9,115.6,116.5,14619.0
11/30/21,8.5,8.5,8.2,8.3,471317.0
11/30/21,296.0,296.0,280.0,281.6,9400.0
11/30/21,33.7,33.7,33.7,33.7,81553.0
11/30/21,18.0,18.2,17.9,17.9,206014.0
11/30/21,83.3,83.5,80.7,81.5,92002.0
11/30/21,64.2,65.0,61.1,61.8,42225.0
11/30/21,9.8,10.1,9.8,9.9,66263.0
11/30/21,107.8,107.8,90.0,99.0,1044.0
11/30/21,96.8,96.8,91.6,92.0,28227.0
11/30/21,112.3,112.8,111.0,112.5,13734.0
11/30/21,20.1,20.3,20.0,20.1,108689.0
11/30/21,24.4,24.4,23.3,23.5,453400.0
11/30/21,869.0,880.7,869.0,871.5,303.0
11/30/21,626.8,626.8,619.5,620.4,554312.0
11/30/21,33.7,33.7,32.4,32.6,673287.0
11/30/21,16.3,16.3,16.1,16.1,81972.0
11/30/21,58.7,58.7,57.1,57.3,434193.0
11/30/21,126.0,127.5,123.1,127.5,6019.0
11/30/21,24.3,24.3,23.6,23.9,365944.0
11/30/21,63.5,63.5,61.6,61.8,765911.0
11/30/21,175.9,175.9,170.0,170.6,36675.0
11/30/21,19.8,21.3,19.7,20.4,1464751.0
11/30/21,16.8,16.8,16.3,16.5,43003.0
11/30/21,26.0,26.8,25.3,25.9,560103.0
11/30/21,228.8,228.8,221.9,223.6,130976.0
11/30/21,21.7,21.7,20.5,20.9,218882.0
11/30/21,1761.0,1773.0,1758.9,1759.0,694.0
11/30/21,158.8,161.5,149.8,152.0,6367831.0
11/30/21,48.7,49.0,47.5,47.7,31117.0
11/30/21,6.5,6.5,5.8,6.0,73975.0
11/30/21,122.9,122.9,116.1,117.7,21734.0
11/30/21,37.0,37.3,36.5,36.6,418605.0
11/30/21,55.2,56.5,52.6,54.2,4822515.0
11/30/21,45.3,46.0,44.5,44.7,347973.0
11/30/21,180.3,180.3,177.0,179.2,92898.0
11/30/21,98.9,101.9,98.9,100.1,98912.0
11/30/21,68.4,68.4,67.0,67.2,47685.0
11/30/21,200.0,203.0,190.9,192.5,2507023.0
11/30/21,10.2,10.2,10.0,10.0,194175.0
11/30/21,17.9,17.9,17.4,17.5,159292.0
11/30/21,51.2,52.0,50.2,50.4,140755.0
11/30/21,12.0,12.2,11.9,11.9,252861.0
11/30/21,28.0,28.0,26.3,27.3,1363604.0
11/30/21,40.6,40.6,39.0,39.1,313964.0
11/30/21,7.7,7.7,7.5,7.6,460484.0
11/30/21,116.6,125.9,113.2,113.7,160289.0
11/30/21,44.0,44.1,42.6,42.9,137586.0
11/30/21,32.6,33.3,31.5,31.8,161397.0
11/30/21,54.0,54.0,52.0,52.2,67354.0
11/30/21,164.4,164.4,156.0,156.6,54791.0
11/30/21,22.0,22.1,21.1,21.3,314458.0
11/30/21,60.1,60.3,60.0,60.2,17490.0
11/30/21,78.6,78.6,77.0,77.2,77477.0
11/30/21,8.1,8.1,7.8,7.8,181030.0
11/30/21,207.8,208.7,197.1,198.9,1029071.0
11/30/21,8.9,8.9,8.6,8.6,352033.0
11/30/21,36.0,36.1,35.4,35.5,35916.0
11/30/21,21.2,21.5,20.1,20.2,1024521.0
11/30/21,38.8,39.0,38.1,38.3,68486.0
11/30/21,14.7,14.8,14.2,14.3,2259264.0
11/30/21,71.1,71.5,70.1,70.4,71734.0
11/30/21,24.1,24.8,24.0,24.1,199719.0
11/30/21,67.3,67.3,65.7,66.5,96900.0
11/30/21,148.3,153.4,141.0,142.8,19270.0
11/30/21,15.4,15.6,14.7,15.2,714307.0
11/30/21,48.4,51.2,48.4,48.9,1236.0
11/30/21,84.5,84.8,80.6,82.8,788517.0
11/30/21,109.0,109.0,103.0,103.8,141892.0
11/30/21,38.9,38.9,37.6,37.8,192786.0
11/30/21,2324.7,2440.8,2324.7,2440.8,12079.0
11/30/21,38.3,38.5,37.9,38.1,211358.0
11/30/21,7.8,7.8,7.6,7.7,132123.0
11/30/21,6.4,6.4,6.3,6.3,218230.0
11/30/21,124.7,126.2,120.5,120.5,2194.0
11/30/21,57.9,57.9,54.4,54.4,22535.0
11/30/21,50.9,51.6,49.1,49.2,82404.0
11/30/21,33.2,33.2,32.1,32.2,144303.0
11/30/21,36.7,36.7,34.9,35.7,189446.0
11/30/21,43.1,46.0,43.1,46.0,422370.0
11/30/21,41.0,41.4,40.5,40.8,85035.0
11/30/21,33.5,34.0,32.7,33.1,70955.0
11/30/21,10.6,10.6,10.2,10.2,456546.0
11/30/21,6.7,6.8,6.6,6.8,243121.0
11/30/21,13.2,13.2,13.0,13.0,2242570.0
11/30/21,5.0,5.2,4.9,5.0,2359489.0
11/30/21,12.1,12.3,11.7,11.8,574119.0
11/30/21,6.8,6.8,6.6,6.6,103480.0
11/30/21,47.4,47.5,46.2,47.4,85450.0
11/30/21,7.0,7.0,6.7,6.8,589352.0
11/30/21,5.6,5.6,5.5,5.5,610895.0
11/30/21,35.3,35.8,34.7,34.9,132993.0
11/30/21,16.2,16.3,15.6,15.7,539121.0
11/30/21,37.7,39.0,37.0,38.0,39470.0
11/30/21,7.5,7.6,7.3,7.5,59467.0
11/30/21,14.3,14.4,13.7,14.0,19861326.0
11/30/21,95.3,95.3,89.4,92.8,3067397.0
11/30/21,16.9,17.0,16.0,16.1,815614.0
11/30/21,14.0,14.2,13.7,13.8,408148.0
11/30/21,33.7,33.8,32.0,33.7,497663.0
11/30/21,227.1,229.0,220.0,220.6,36134.0
11/30/21,165.0,166.7,151.2,156.7,2034492.0
11/30/21,6.1,6.3,5.8,5.8,1181312.0
11/30/21,16.8,16.8,16.4,16.5,186465.0
11/30/21,30.5,31.8,30.5,30.8,2265.0
11/30/21,46.2,47.0,45.5,45.5,164899.0
11/30/21,21.3,21.4,20.4,20.7,2978826.0
11/30/21,363.0,363.0,346.0,348.3,278783.0
11/30/21,54.4,54.4,52.8,52.9,436270.0
11/30/21,16.5,16.5,16.3,16.4,189416.0
11/30/21,7.8,7.8,7.7,7.7,265627.0
11/30/21,92.3,93.6,90.7,91.4,50636.0
11/30/21,22.5,22.5,21.7,21.9,640205.0
11/30/21,49.2,49.4,47.0,47.2,162147.0
11/30/21,280.0,280.0,272.0,277.0,4861.0
11/30/21,27.3,27.3,25.4,25.5,1095988.0
11/30/21,60.0,60.0,54.0,55.6,57292.0
11/30/21,45.0,45.0,44.0,44.0,2961.0
11/30/21,267.2,269.0,267.2,269.0,10293.0
11/30/21,19.0,19.2,18.4,18.7,338621.0
11/30/21,114.5,119.7,114.1,114.9,84188.0
11/30/21,6.8,6.8,6.7,6.7,48509.0
11/30/21,8.9,8.9,8.5,8.5,41336.0
11/30/21,10.4,10.4,10.2,10.2,402432.0
11/30/21,7.3,7.4,7.2,7.4,2502.0
11/30/21,5.5,5.5,5.3,5.4,687948.0
11/30/21,8.1,8.1,7.9,7.9,45055.0
11/30/21,61.0,62.0,58.9,59.1,775517.0
11/30/21,46.1,47.1,46.1,46.2,155195.0
11/30/21,18.9,19.5,18.7,19.0,20612088.0
11/30/21,5.9,5.9,5.7,5.8,366209.0
11/30/21,6.5,6.5,6.4,6.4,25005.0
11/30/21,6.9,6.9,6.6,6.7,352238.0
11/30/21,24.6,24.6,23.7,24.0,8028.0
11/30/21,110.3,112.9,109.0,111.8,101865.0
11/30/21,27.3,27.3,26.6,26.8,52036.0
11/30/21,20.3,20.3,18.9,19.2,192080.0
11/30/21,40.5,40.5,39.0,39.1,413956.0
11/30/21,32.0,32.0,31.2,31.3,263222.0
11/30/21,27.3,27.3,26.2,26.4,436686.0
11/30/21,64.6,64.6,62.5,62.8,95000.0
11/30/21,36.3,36.3,34.2,34.6,24608.0
11/30/21,33.3,33.3,31.0,31.4,98061.0
11/30/21,24.0,24.2,23.5,23.6,700479.0
11/30/21,171.3,172.2,170.7,171.0,3736.0
11/30/21,43.0,43.0,41.7,42.0,147530.0
11/30/21,322.0,325.6,314.2,315.3,15099.0
11/30/21,101.0,102.0,101.0,102.0,500.0
11/30/21,40.0,40.1,39.1,39.2,136657.0
11/30/21,281.0,298.0,275.0,281.8,8679.0
11/30/21,10.2,10.4,9.9,9.9,234693.0
11/30/21,66.3,66.3,62.8,63.4,113971.0
11/30/21,7.0,7.2,6.9,7.0,1049638.0
11/30/21,395.8,395.8,387.0,388.9,4061.0
11/30/21,32.4,33.0,32.1,32.4,117812.0
11/30/21,8.9,9.0,8.8,9.0,304433.0
11/30/21,32.0,32.6,30.9,31.7,1607517.0
11/30/21,39.5,39.7,38.7,38.8,2514173.0
11/30/21,75.9,76.5,73.1,73.5,1190379.0
11/30/21,778.9,778.9,750.3,754.9,1589.0
11/30/21,1397.7,1409.4,1375.0,1376.4,5289.0
11/30/21,37.8,37.8,36.4,36.8,490395.0
11/30/21,40.4,40.4,39.5,39.8,219499.0
11/30/21,7.1,7.1,6.9,6.9,2081990.0
11/30/21,24.3,24.3,23.2,23.5,1048202.0
11/30/21,30.8,30.8,28.8,29.2,2500314.0
11/30/21,2286.0,2290.0,2278.2,2279.0,1789.0
11/30/21,60.1,60.1,57.7,58.0,253540.0
11/30/21,15.6,15.6,14.2,14.5,11775.0
11/30/21,78.0,79.8,76.4,77.7,20870.0
11/30/21,71.5,71.5,68.5,68.7,53674.0
11/30/21,19.2,19.2,18.3,19.0,26098.0
11/30/21,18.4,18.6,17.9,18.1,6660535.0
11/30/21,44.5,47.7,44.5,45.6,10666.0
11/30/21,21.0,21.1,20.0,20.2,478162.0
11/30/21,27.6,27.6,25.7,25.9,467915.0
11/30/21,68.0,68.0,67.2,67.5,14007.0
11/30/21,17.7,18.0,17.3,17.4,233387.0
11/30/21,26.0,26.5,25.1,25.9,416088.0
11/30/21,63.7,63.7,62.2,62.5,99486.0
11/30/21,12.6,12.6,11.8,12.0,59333.0
11/30/21,86.7,87.4,85.0,85.2,253283.0
11/30/21,24.0,24.2,23.7,24.0,2381676.0
11/30/21,513.0,513.0,496.0,498.1,3964.0
11/30/21,110.7,111.9,107.1,107.5,43113.0
11/30/21,19.2,19.2,17.9,18.3,200523.0
11/30/21,141.9,142.7,136.2,142.5,12983.0
11/30/21,191.6,194.9,191.6,193.1,23364.0
11/30/21,19.9,20.3,19.9,20.1,150912.0
11/30/21,40.9,41.9,40.9,41.7,194489.0
11/30/21,195.0,209.8,195.0,208.9,7632.0
11/30/21,28.8,28.8,28.0,28.4,41906.0
11/30/21,8.1,8.2,7.9,8.0,6134818.0
11/30/21,15.6,15.9,15.3,15.4,3108823.0
11/30/21,8.7,8.7,8.6,8.6,53773.0
11/30/21,21.0,21.3,19.9,20.0,844395.0
11/30/21,57.0,57.3,54.7,55.2,486373.0
11/30/21,55.3,55.3,52.4,52.7,124724.0
11/30/21,13.7,13.7,13.5,13.5,135748.0
11/30/21,253.0,257.0,250.0,250.0,4715.0
11/30/21,48.9,50.0,46.8,47.2,164473.0
11/30/21,50.9,51.0,49.4,49.6,170639.0
11/30/21,31.2,31.5,28.7,28.9,7665103.0
11/30/21,545.0,545.0,545.0,545.0,1.0
11/30/21,82.0,82.6,80.0,81.6,89566.0
11/30/21,7.1,7.1,6.8,6.9,193770.0
11/30/21,11.1,11.1,10.6,10.7,235528.0
11/30/21,17.3,17.9,17.3,17.5,44485.0
11/30/21,161.0,161.8,158.6,159.0,83267.0
11/30/21,19.6,20.7,19.6,20.1,94006000.0
11/30/21,83.7,90.7,82.5,90.7,1511346.0
11/30/21,102.0,106.0,102.0,103.6,3534084.0
11/30/21,48.5,48.5,47.4,47.7,97020.0
11/30/21,210.0,213.7,210.0,211.2,29756.0
11/30/21,137.1,137.1,133.2,135.0,34128.0
11/30/21,74.8,74.8,70.1,71.0,84495.0
11/30/21,12.7,12.8,12.1,12.2,1392566.0
11/30/21,32.9,32.9,31.5,31.8,1268755.0
11/30/21,47.9,47.9,45.1,45.2,216596.0
11/30/21,9.0,9.0,8.8,8.8,253510.0
11/30/21,483.6,496.5,483.5,485.8,36926.0
11/30/21,54.0,55.2,53.2,53.6,29280.0
11/30/21,26.8,26.9,25.4,25.4,126856.0
11/30/21,5.8,5.8,5.6,5.7,312807.0
11/30/21,109.0,109.0,104.9,105.2,76418.0
11/30/21,5.6,5.6,5.5,5.5,398801.0
11/30/21,80.0,80.7,77.5,77.6,26140.0
11/30/21,54.8,54.8,53.1,53.3,620040.0
11/30/21,82.7,83.0,79.1,80.8,62581.0
11/30/21,84.7,84.7,81.6,81.8,30325.0
11/30/21,15.4,15.5,14.9,15.1,6196407.0
11/30/21,63.3,63.8,61.0,61.8,74898.0
11/30/21,8.9,8.9,8.6,8.7,282695.0
11/30/21,7.2,7.2,7.2,7.2,6825.0
11/30/21,22.4,22.9,22.0,22.0,979121.0
11/30/21,16.3,16.3,15.8,15.8,1044030.0
11/30/21,53.5,53.5,52.7,53.0,91802.0
11/30/21,56.8,59.5,55.0,56.0,11599.0
11/30/21,22.4,23.1,21.5,21.6,386019.0
11/30/21,102.8,103.4,98.9,100.0,43295.0
11/30/21,116.0,118.9,115.3,117.8,8273.0
11/30/21,101.3,102.6,90.5,94.7,3984389.0
11/30/21,27.0,27.0,26.4,26.6,154916.0
11/30/21,36.7,37.0,35.0,35.5,404498.0
11/30/21,48.1,48.2,47.1,47.2,63348.0
11/30/21,26.7,26.7,24.9,25.1,511676.0
11/30/21,315.0,319.7,304.1,305.0,103143.0
11/30/21,248.0,256.0,247.5,251.3,1192.0
11/30/21,44.2,44.3,43.7,43.8,97156.0
11/30/21,133.3,134.0,130.1,130.1,6737.0
11/30/21,50.8,52.4,48.2,50.3,656099.0
11/30/21,4865.0,4918.0,4865.0,4900.0,478.0
11/30/21,10.4,10.4,10.0,10.0,561275.0
11/30/21,11.1,11.1,11.0,11.0,16250.0
11/30/21,84.7,84.7,80.5,82.0,6414.0
11/30/21,1297.0,1299.0,1290.0,1290.0,12353.0
11/30/21,935.0,959.4,920.0,950.0,195.0
11/30/21,48.2,48.5,47.0,47.2,86495.0
11/30/21,9.9,9.9,9.5,9.6,1044489.0
11/30/21,6.2,6.2,5.9,6.0,429451.0
11/30/21,38.8,38.8,37.8,38.0,903638.0
11/30/21,22.5,22.5,21.5,21.8,89527.0
11/30/21,52.0,52.1,51.0,51.0,43212.0
11/30/21,35.6,35.8,34.5,34.6,143833.0
11/30/21,43.4,43.5,42.0,42.1,626012.0
11/30/21,61.5,61.8,59.0,59.4,39387.0
11/30/21,24.7,24.7,22.9,23.4,492709.0
11/30/21,42.1,42.4,40.7,40.9,2775234.0
11/30/21,15.3,15.5,14.9,15.0,170569.0
11/30/21,19.2,19.4,18.8,19.0,354627.0
11/30/21,26.6,26.6,25.6,25.7,68347.0
11/30/21,55.8,56.0,53.5,54.0,961552.0
11/30/21,73.9,73.9,69.0,69.2,21360.0
11/30/21,83.4,87.1,81.8,85.5,139409.0
11/30/21,32.5,32.5,31.3,31.5,325991.0
11/30/21,25.0,25.0,24.5,24.9,113826.0
11/30/21,170.0,170.0,163.1,168.5,516.0
11/30/21,18.5,18.6,17.8,17.9,1372196.0
11/30/21,42.1,43.0,41.5,41.6,895034.0
11/30/21,8.9,8.9,8.7,8.7,21652.0
11/30/21,9.8,9.8,9.4,9.4,96950.0
11/30/21,9.9,9.9,9.4,9.7,174942.0
11/30/21,22.4,22.5,22.2,22.3,111704.0
11/30/21,25.1,25.7,23.3,24.6,92688.0
11/30/21,16.0,16.5,15.0,15.1,737835.0
11/30/21,74.8,74.8,70.0,73.2,10521.0
11/30/21,15.4,15.4,14.7,14.9,740224.0
11/30/21,25.3,25.4,24.7,24.8,286902.0
11/30/21,18.5,19.3,18.2,18.5,175635.0
11/30/21,15.3,15.4,14.8,14.9,202168.0
11/30/21,170.4,170.4,168.3,168.6,13833.0
11/30/21,54.2,54.2,54.2,54.2,74745.0
11/30/21,27.1,29.7,27.1,28.4,541681.0
11/30/21,417.1,422.0,415.0,418.7,2308.0
11/30/21,64.8,65.3,63.0,63.3,101860.0
11/30/21,578.8,589.0,535.0,544.7,77688.0
11/30/21,72.9,72.9,68.2,68.6,279805.0
11/30/21,17.1,17.1,16.8,16.9,15940.0
11/30/21,16.6,16.6,16.1,16.3,1565771.0
11/30/21,30.5,30.5,29.4,29.6,384346.0
11/30/21,97.9,97.9,91.0,92.7,909519.0
11/30/21,52.6,52.6,49.8,50.5,236319.0
11/30/21,219.5,219.5,210.6,211.8,1812325.0
11/30/21,20.7,20.9,19.7,19.9,1700366.0
11/30/21,157.8,160.5,155.0,155.0,6973.0
11/30/21,77.2,78.5,71.8,74.8,30964.0
11/30/21,10.7,10.9,10.4,10.8,2207878.0
11/30/21,98.5,98.5,94.0,94.5,52725.0
11/30/21,39.2,39.5,38.8,38.9,531035.0
11/30/21,34.5,34.9,33.3,33.7,92976.0
11/30/21,53.7,53.7,52.0,52.1,41136.0
11/30/21,9.9,10.1,9.9,9.9,31484.0
11/30/21,125.9,129.0,120.3,120.3,2852.0
11/30/21,35.4,35.7,35.4,35.5,105678.0
11/30/21,18.0,18.7,17.7,18.0,188263.0
11/30/21,6.1,6.1,6.0,6.0,179619.0
11/30/21,34.4,34.5,34.0,34.2,13180.0
11/30/21,7.0,7.1,6.7,6.8,515664.0
11/30/21,16.5,16.6,16.2,16.3,411078.0
11/30/21,2854.5,2854.5,2832.1,2853.3,190.0
11/30/21,10.4,10.4,10.1,10.1,172492.0
11/30/21,53.2,57.2,53.2,53.4,128106.0
11/30/21,21.3,21.3,20.8,20.8,370102.0
11/30/21,60.7,60.7,57.7,57.7,47141.0
11/30/21,248.7,250.7,245.0,245.3,101961.0
11/30/21,52.2,52.2,50.3,50.5,5734.0
11/30/21,25.5,25.8,25.3,25.6,1020470.0
11/30/21,42.0,42.0,41.4,41.5,28897.0
11/30/21,9.8,9.9,9.7,9.8,915210.0
11/30/21,8.9,8.9,8.7,8.8,110057.0
11/30/21,22.0,22.0,21.6,21.7,162434.0
11/30/21,1120.0,1120.0,1100.0,1102.7,10934.0
11/30/21,266.5,266.5,260.1,262.1,10590.0
11/30/21,10.4,10.4,9.6,9.9,902622.0
11/30/21,10.5,10.5,10.0,10.0,78488.0
11/30/21,8.3,8.3,8.0,8.1,112616.0
11/30/21,7.0,7.0,6.9,7.0,56378.0
11/30/21,117.9,117.9,108.0,108.0,820.0
12/01/21,6.6,6.6,6.4,6.5,700387.0
12/01/21,21.6,21.8,21.4,21.4,208217.0
12/01/21,43.0,44.5,42.7,43.2,170550.0
12/01/21,28.0,28.9,27.7,28.4,332603.0
12/01/21,5.8,5.9,5.8,5.9,148157.0
12/01/21,14.9,15.1,14.7,14.8,3265206.0
12/01/21,32.0,32.8,31.0,31.3,243087.0
12/01/21,294.0,297.8,293.0,294.5,99802.0
12/01/21,152.1,155.0,151.0,153.7,26467.0
12/01/21,85.5,85.5,83.5,84.1,205933.0
12/01/21,24.7,25.9,24.0,24.6,4766560.0
12/01/21,59.4,59.4,55.7,56.3,84013.0
12/01/21,25.9,26.3,25.4,25.7,585973.0
12/01/21,32.8,32.8,31.2,31.5,1828593.0
12/01/21,27.2,27.4,26.9,27.0,32129.0
12/01/21,21.4,21.8,21.1,21.3,595262.0
12/01/21,53.5,55.0,53.5,53.6,175774.0
12/01/21,8.7,8.8,8.5,8.5,115220.0
12/01/21,43.8,45.8,42.5,42.9,280291.0
12/01/21,68.0,70.4,67.9,68.5,103035.0
12/01/21,26.9,26.9,26.4,26.5,320151.0
12/01/21,15.0,15.4,14.4,14.5,8315422.0
12/01/21,16.2,16.5,15.8,16.5,29851.0
12/01/21,61.1,62.3,60.4,61.6,1344207.0
12/01/21,384.0,395.0,380.0,381.0,1435.0
12/01/21,211.1,212.8,208.0,211.0,3139.0
12/01/21,36.9,36.9,35.3,35.8,34138.0
12/01/21,398.0,398.8,387.5,393.3,88533.0
12/01/21,41.7,42.7,40.9,41.9,73150.0
12/01/21,131.0,131.0,127.3,127.3,6849.0
12/01/21,232.8,243.9,232.8,241.4,2399.0
12/01/21,118.2,118.2,117.2,118.0,1901.0
12/01/21,119.9,119.9,117.0,118.8,619.0
12/01/21,8.5,8.5,8.3,8.4,583537.0
12/01/21,290.0,294.0,284.0,285.0,3756.0
12/01/21,30.4,32.4,30.4,30.9,743129.0
12/01/21,18.2,18.3,17.8,17.8,374117.0
12/01/21,83.9,83.9,82.5,82.5,62867.0
12/01/21,63.5,64.0,61.5,61.5,169077.0
12/01/21,10.1,10.1,10.0,10.0,96756.0
12/01/21,96.5,96.5,90.5,91.6,12190.0
12/01/21,113.5,114.3,111.9,112.5,24414.0
12/01/21,20.4,20.4,20.1,20.1,36967.0
12/01/21,23.9,24.1,23.6,23.8,303950.0
12/01/21,882.0,882.0,882.0,882.0,1.0
12/01/21,621.2,630.5,621.2,626.1,100219.0
12/01/21,33.5,33.8,33.1,33.5,828503.0
12/01/21,16.3,16.5,16.0,16.2,95101.0
12/01/21,57.7,58.6,57.7,58.4,166840.0
12/01/21,126.0,127.0,123.4,124.1,6191.0
12/01/21,24.0,24.7,23.9,24.4,631471.0
12/01/21,62.0,63.3,61.9,62.4,467621.0
12/01/21,172.1,174.0,170.4,170.9,19372.0
12/01/21,20.8,21.2,20.6,20.9,1001985.0
12/01/21,16.7,16.9,16.5,16.6,32568.0
12/01/21,26.4,26.7,25.9,26.2,271500.0
12/01/21,224.7,226.8,222.2,223.9,102082.0
12/01/21,21.5,22.2,21.3,22.1,96929.0
12/01/21,1759.0,1770.0,1759.0,1762.7,1403.0
12/01/21,156.0,167.2,155.0,166.9,7500234.0
12/01/21,49.9,49.9,47.0,47.8,55382.0
12/01/21,6.0,6.3,6.0,6.1,43820.0
12/01/21,124.7,124.8,115.0,119.7,6438.0
12/01/21,45.1,45.1,44.0,44.9,60419.0
12/01/21,37.1,37.9,37.0,37.5,556342.0
12/01/21,54.8,55.3,53.9,54.4,3099397.0
12/01/21,45.7,46.1,45.2,45.8,193856.0
12/01/21,179.8,184.8,179.0,183.7,170840.0
12/01/21,104.0,104.0,100.0,101.7,129571.0
12/01/21,69.0,69.0,67.7,67.9,138325.0
12/01/21,197.0,207.9,195.5,205.8,787401.0
12/01/21,10.2,10.3,9.9,10.0,76189.0
12/01/21,17.7,17.8,17.3,17.6,161209.0
12/01/21,52.6,52.6,51.0,51.6,35297.0
12/01/21,12.4,12.5,12.1,12.3,274850.0
12/01/21,27.8,28.3,27.3,27.6,753998.0
12/01/21,40.2,40.8,39.8,40.1,232182.0
12/01/21,7.7,7.7,7.4,7.5,735433.0
12/01/21,117.0,117.7,114.4,115.3,59099.0
12/01/21,44.0,44.5,44.0,44.0,95950.0
12/01/21,33.4,33.4,32.0,32.2,118762.0
12/01/21,54.7,54.8,52.6,52.9,58159.0
12/01/21,164.7,164.7,157.0,158.2,82128.0
12/01/21,21.9,22.0,19.8,21.0,1092094.0
12/01/21,61.9,61.9,60.7,60.7,2530.0
12/01/21,78.0,78.2,77.3,77.7,71831.0
12/01/21,7.9,7.9,7.8,7.9,7511.0
12/01/21,203.1,217.0,201.0,215.1,2205019.0
12/01/21,8.8,8.9,8.7,8.7,370945.0
12/01/21,36.8,36.9,35.7,35.8,2590.0
12/01/21,20.6,21.4,20.4,20.8,921445.0
12/01/21,38.4,39.1,38.4,38.7,36749.0
12/01/21,14.7,15.0,14.3,15.0,2654215.0
12/01/21,72.9,72.9,70.1,72.1,61661.0
12/01/21,24.7,25.4,24.3,24.9,313655.0
12/01/21,66.7,69.7,66.7,69.0,537616.0
12/01/21,150.0,150.0,143.0,144.0,12312.0
12/01/21,15.3,15.7,15.0,15.6,1412371.0
12/01/21,50.8,50.8,48.6,48.6,410.0
12/01/21,83.2,83.9,81.0,81.4,640948.0
12/01/21,106.0,109.7,104.5,105.7,153700.0
12/01/21,39.4,39.4,38.0,38.1,126692.0
12/01/21,2524.9,2524.9,2401.3,2418.2,6648.0
12/01/21,38.2,38.4,38.0,38.1,475561.0
12/01/21,7.6,7.8,7.6,7.8,41412.0
12/01/21,6.4,6.5,6.4,6.4,305133.0
12/01/21,124.1,127.8,121.3,121.5,694.0
12/01/21,55.1,56.0,54.0,54.5,47667.0
12/01/21,50.8,50.9,49.7,50.0,42296.0
12/01/21,33.4,33.4,32.7,33.1,197676.0
12/01/21,36.3,37.0,34.5,34.8,170041.0
12/01/21,45.2,49.5,45.0,49.4,501969.0
12/01/21,41.6,42.8,41.4,42.0,89242.0
12/01/21,33.9,34.4,33.6,34.2,159704.0
12/01/21,10.6,10.6,10.0,10.3,733198.0
12/01/21,6.8,6.8,6.6,6.6,275290.0
12/01/21,13.3,13.5,13.1,13.3,3601456.0
12/01/21,5.1,5.2,4.9,5.0,401351.0
12/01/21,12.2,12.2,11.7,11.8,705852.0
12/01/21,6.8,6.8,6.6,6.7,34830.0
12/01/21,45.4,49.9,45.3,49.0,135930.0
12/01/21,6.8,7.0,6.8,6.9,363483.0
12/01/21,5.6,5.7,5.6,5.6,976837.0
12/01/21,36.0,36.0,34.9,35.3,167712.0
12/01/21,16.1,16.4,16.0,16.1,581332.0
12/01/21,38.4,40.9,38.2,40.5,96269.0
12/01/21,7.4,7.6,7.4,7.4,35946.0
12/01/21,14.4,15.4,14.2,15.3,51899946.0
12/01/21,93.9,98.4,93.6,97.1,1804062.0
12/01/21,16.6,17.0,16.1,16.4,761913.0
12/01/21,14.0,14.2,13.8,13.9,307506.0
12/01/21,34.0,35.8,34.0,35.5,716183.0
12/01/21,224.0,227.9,222.0,223.6,37881.0
12/01/21,158.1,163.8,157.8,160.0,1503731.0
12/01/21,6.0,6.0,5.8,5.8,1005401.0
12/01/21,16.8,16.8,16.6,16.8,209754.0
12/01/21,30.9,32.0,30.7,31.0,28086.0
12/01/21,45.7,47.7,45.2,47.1,76586.0
12/01/21,359.0,359.0,351.5,356.0,95510.0
12/01/21,53.9,54.6,53.5,54.3,728784.0
12/01/21,102.0,103.5,101.5,102.5,20417.0
12/01/21,16.5,16.5,16.4,16.4,108060.0
12/01/21,7.8,7.9,7.7,7.8,119470.0
12/01/21,95.0,95.0,92.7,92.9,63956.0
12/01/21,22.4,24.0,22.4,23.4,3917679.0
12/01/21,48.0,48.5,47.2,47.5,86855.0
12/01/21,285.9,285.9,278.0,279.5,7813.0
12/01/21,26.8,26.8,25.4,25.7,1036419.0
12/01/21,55.0,59.9,52.3,56.2,104968.0
12/01/21,44.7,44.7,44.0,44.5,27159.0
12/01/21,267.4,271.0,267.4,269.9,7383.0
12/01/21,19.0,19.2,18.5,18.7,340002.0
12/01/21,6.8,7.3,6.8,6.9,198843.0
12/01/21,8.7,9.0,8.7,8.8,27243.0
12/01/21,10.4,10.7,10.3,10.4,202601.0
12/01/21,7.3,7.3,7.1,7.2,30390.0
12/01/21,5.5,5.6,5.4,5.5,364343.0
12/01/21,8.0,8.1,7.7,8.0,265210.0
12/01/21,61.5,61.5,58.8,59.3,959428.0
12/01/21,46.9,48.0,46.9,47.6,119875.0
12/01/21,19.4,19.7,19.1,19.3,13906445.0
12/01/21,5.9,6.0,5.8,5.9,424598.0
12/01/21,6.5,6.5,6.4,6.5,5614.0
12/01/21,6.8,6.9,6.7,6.7,280234.0
12/01/21,23.9,24.3,23.7,23.7,3791.0
12/01/21,114.0,122.2,113.0,122.2,187282.0
12/01/21,27.7,27.7,26.8,26.9,58715.0
12/01/21,19.9,20.1,19.4,19.5,295303.0
12/01/21,40.2,40.2,39.5,39.8,234489.0
12/01/21,31.8,32.1,31.6,32.0,487892.0
12/01/21,27.0,27.7,26.9,27.1,735717.0
12/01/21,64.5,64.5,63.0,63.3,114760.0
12/01/21,36.7,36.7,34.3,34.5,20834.0
12/01/21,32.0,33.0,31.9,32.2,95584.0
12/01/21,24.2,24.2,23.7,23.9,576854.0
12/01/21,174.7,174.7,171.5,171.7,8542.0
12/01/21,44.0,44.0,42.0,42.4,118686.0
12/01/21,307.0,324.7,306.1,318.2,6468.0
12/01/21,110.0,110.0,110.0,110.0,11.0
12/01/21,40.9,40.9,39.6,39.8,57294.0
12/01/21,290.0,301.0,282.5,295.0,4322.0
12/01/21,10.3,10.3,9.9,10.0,369022.0
12/01/21,64.0,66.0,63.2,63.6,111332.0
12/01/21,7.1,7.2,7.0,7.0,1821428.0
12/01/21,398.9,398.9,388.3,390.0,4145.0
12/01/21,32.9,33.9,32.3,32.9,157435.0
12/01/21,9.3,9.3,9.0,9.0,374490.0
12/01/21,32.7,34.3,32.6,34.0,1486450.0
12/01/21,40.0,40.2,39.3,39.9,2107169.0
12/01/21,58.2,59.0,57.3,57.6,105616.0
12/01/21,75.7,76.0,73.8,74.2,2077044.0
12/01/21,777.9,778.4,748.1,758.9,2803.0
12/01/21,1380.0,1408.0,1380.0,1397.9,4283.0
12/01/21,37.8,37.9,36.9,37.2,757178.0
12/01/21,40.6,41.2,39.8,40.2,243050.0
12/01/21,7.0,7.2,6.9,7.0,1164965.0
12/01/21,24.0,24.4,23.7,24.1,1785337.0
12/01/21,30.0,30.7,29.2,29.5,999737.0
12/01/21,2282.0,2297.9,2282.0,2295.9,2007.0
12/01/21,59.4,59.9,56.7,57.5,309885.0
12/01/21,8.2,8.3,8.2,8.2,44276.0
12/01/21,15.2,15.2,15.0,15.0,6512.0
12/01/21,78.7,78.9,76.5,78.7,37811.0
12/01/21,70.9,71.8,69.6,70.2,58108.0
12/01/21,19.5,19.5,18.5,19.3,6595.0
12/01/21,18.7,18.7,18.2,18.5,7584986.0
12/01/21,42.0,48.7,42.0,47.0,66279.0
12/01/21,20.9,21.2,20.1,20.3,551176.0
12/01/21,26.8,27.0,26.1,26.3,285037.0
12/01/21,68.9,69.0,67.5,67.6,61089.0
12/01/21,17.9,17.9,17.6,17.8,131349.0
12/01/21,26.0,26.4,25.3,25.4,210260.0
12/01/21,64.0,65.0,63.0,64.2,108671.0
12/01/21,12.5,12.5,11.5,11.6,16555.0
12/01/21,86.5,87.0,85.5,86.8,57998.0
12/01/21,24.3,24.5,23.9,24.0,447126.0
12/01/21,508.0,508.0,493.0,497.6,4165.0
12/01/21,110.8,110.8,108.4,108.9,32963.0
12/01/21,18.7,18.8,18.1,18.2,56950.0
12/01/21,149.9,149.9,142.4,148.4,11749.0
12/01/21,196.7,196.7,194.0,195.0,45879.0
12/01/21,19.9,20.4,19.9,20.2,47290.0
12/01/21,41.6,42.4,41.5,41.8,139476.0
12/01/21,209.0,211.8,204.2,211.8,1628.0
12/01/21,28.5,29.0,28.5,28.8,109598.0
12/01/21,8.1,8.2,8.0,8.1,4490680.0
12/01/21,15.8,15.9,15.5,15.6,2899754.0
12/01/21,8.7,8.8,8.7,8.7,54313.0
12/01/21,36.5,36.9,35.9,36.5,306687.0
12/01/21,20.4,20.7,19.9,20.1,631082.0
12/01/21,56.5,57.4,55.9,56.5,364249.0
12/01/21,54.6,54.6,53.2,53.7,69102.0
12/01/21,13.7,13.7,13.5,13.6,76194.0
12/01/21,251.1,254.9,251.0,253.2,5832.0
12/01/21,49.7,49.7,47.0,47.1,152368.0
12/01/21,50.9,51.2,50.2,50.5,113201.0
12/01/21,30.2,30.5,29.1,29.3,5601665.0
12/01/21,547.9,547.9,531.5,539.8,2995.0
12/01/21,82.8,85.0,82.2,83.0,115826.0
12/01/21,7.0,7.1,6.9,7.0,283433.0
12/01/21,10.9,11.4,10.8,10.9,198571.0
12/01/21,17.9,17.9,17.4,17.9,76996.0
12/01/21,160.0,162.0,158.0,159.4,26776.0
12/01/21,20.8,20.9,19.0,19.4,57537912.0
12/01/21,93.7,97.4,92.3,93.3,889764.0
12/01/21,105.0,106.9,103.0,103.7,1865543.0
12/01/21,48.0,48.1,47.2,47.9,61641.0
12/01/21,217.5,217.5,213.3,216.3,21152.0
12/01/21,137.0,144.0,135.0,144.0,74796.0
12/01/21,72.5,73.0,71.4,71.5,36334.0
12/01/21,12.6,12.7,12.3,12.4,1220657.0
12/01/21,32.8,32.8,31.6,31.9,496364.0
12/01/21,46.7,47.4,46.6,47.2,173192.0
12/01/21,8.8,9.1,8.8,9.0,141905.0
12/01/21,495.0,510.7,494.0,501.9,49488.0
12/01/21,54.9,56.9,54.5,56.5,66506.0
12/01/21,26.4,26.4,25.9,26.2,44312.0
12/01/21,5.8,5.8,5.7,5.7,345270.0
12/01/21,107.3,111.4,107.2,111.4,74128.0
12/01/21,5.6,5.7,5.6,5.6,250167.0
12/01/21,78.1,80.9,78.1,80.1,19256.0
12/01/21,54.6,56.8,53.8,56.2,2240645.0
12/01/21,84.7,84.7,81.3,82.5,27391.0
12/01/21,83.9,85.0,83.0,83.3,13933.0
12/01/21,15.5,15.7,15.2,15.5,8578025.0
12/01/21,62.0,65.0,62.0,62.7,113825.0
12/01/21,8.9,9.1,8.5,8.7,314856.0
12/01/21,7.4,7.4,7.2,7.3,5553.0
12/01/21,22.2,22.7,22.1,22.3,358039.0
12/01/21,16.1,16.3,15.9,16.2,1041410.0
12/01/21,53.0,53.9,53.0,53.1,41575.0
12/01/21,58.9,58.9,55.5,57.0,7504.0
12/01/21,21.9,23.4,21.9,22.2,421706.0
12/01/21,103.4,103.4,99.8,100.0,15853.0
12/01/21,120.7,120.7,115.6,116.1,99583.0
12/01/21,96.0,97.7,93.5,96.1,1837564.0
12/01/21,26.7,27.3,26.5,26.9,199504.0
12/01/21,37.0,37.6,36.0,36.6,164900.0
12/01/21,49.4,49.4,46.9,47.1,74933.0
12/01/21,25.7,26.0,25.1,25.3,469034.0
12/01/21,312.0,314.7,306.0,307.2,104690.0
12/01/21,257.0,257.0,247.0,247.1,961.0
12/01/21,43.9,44.8,43.8,44.1,108754.0
12/01/21,131.0,134.9,131.0,132.5,2708.0
12/01/21,50.4,52.8,50.4,51.2,503525.0
12/01/21,4900.0,5000.0,4857.0,5000.0,640.0
12/01/21,10.1,10.3,9.9,10.0,202426.0
12/01/21,11.0,11.1,11.0,11.1,37545.0
12/01/21,84.5,84.5,81.3,81.7,18707.0
12/01/21,1293.0,1301.0,1292.0,1297.0,58671.0
12/01/21,976.2,1000.0,950.0,966.4,234.0
12/01/21,49.5,49.5,47.6,48.6,78979.0
12/01/21,9.8,9.9,9.7,9.7,1221188.0
12/01/21,6.2,6.2,6.0,6.1,201682.0
12/01/21,38.3,38.8,38.2,38.6,480587.0
12/01/21,22.5,22.5,21.8,22.0,96854.0
12/01/21,52.5,52.9,51.9,52.8,34089.0
12/01/21,35.7,35.9,34.8,34.9,215020.0
12/01/21,43.2,44.0,42.5,42.7,395375.0
12/01/21,63.8,63.8,60.3,61.7,29692.0
12/01/21,24.3,24.4,23.5,23.7,453534.0
12/01/21,42.0,42.8,41.3,41.8,2827920.0
12/01/21,15.4,15.5,15.2,15.4,171185.0
12/01/21,19.3,19.9,19.3,19.4,396328.0
12/01/21,27.4,27.4,26.1,26.4,18784.0
12/01/21,54.9,55.5,54.0,54.6,773945.0
12/01/21,73.1,73.1,69.3,71.5,7704.0
12/01/21,88.7,88.7,85.0,86.4,49693.0
12/01/21,32.5,32.9,31.8,32.4,134468.0
12/01/21,25.0,25.2,24.6,24.8,119479.0
12/01/21,175.0,175.0,160.0,160.0,3109.0
12/01/21,18.3,18.5,18.0,18.2,1015983.0
12/01/21,42.7,44.5,42.2,43.7,967024.0
12/01/21,9.0,9.0,8.7,8.7,52495.0
12/01/21,9.8,9.8,9.6,9.6,41173.0
12/01/21,9.9,9.9,9.6,9.8,71471.0
12/01/21,22.6,22.8,22.3,22.6,253067.0
12/01/21,25.6,25.6,24.6,24.7,70099.0
12/01/21,31.7,31.7,30.1,30.1,173979.0
12/01/21,15.4,15.7,15.0,15.1,408189.0
12/01/21,76.6,79.4,72.0,79.4,9651.0
12/01/21,15.2,15.6,15.0,15.3,2577866.0
12/01/21,25.5,25.5,25.1,25.2,84332.0
12/01/21,169.1,170.2,168.8,170.2,27853.0
12/01/21,44.0,48.9,43.6,46.0,27166.0
12/01/21,59.6,59.6,59.6,59.6,84953.0
12/01/21,28.6,29.0,27.7,28.0,228173.0
12/01/21,420.0,424.9,416.0,423.0,3209.0
12/01/21,64.0,64.6,62.6,63.6,158622.0
12/01/21,570.0,585.5,560.0,585.5,120276.0
12/01/21,71.9,71.9,68.0,68.6,55049.0
12/01/21,17.0,17.4,16.8,16.8,21976.0
12/01/21,16.6,16.8,16.3,16.5,2473501.0
12/01/21,30.5,32.1,30.4,31.7,792718.0
12/01/21,95.0,97.0,93.8,97.0,859299.0
12/01/21,51.7,52.4,50.9,51.9,66230.0
12/01/21,214.8,219.0,213.8,217.9,489915.0
12/01/21,20.4,20.8,20.1,20.2,1398933.0
12/01/21,161.6,161.6,155.1,155.1,13094.0
12/01/21,77.7,77.7,75.0,76.6,47734.0
12/01/21,10.8,11.1,10.6,11.0,4521448.0
12/01/21,97.4,99.0,96.2,96.3,52790.0
12/01/21,39.0,39.4,38.8,38.8,404047.0
12/01/21,36.8,36.8,34.0,34.1,8058.0
12/01/21,54.0,54.0,51.0,52.4,35279.0
12/01/21,10.2,10.2,9.7,9.9,108625.0
12/01/21,136.0,136.0,119.1,124.4,2985.0
12/01/21,36.0,36.1,35.5,35.7,135158.0
12/01/21,18.3,18.6,17.6,17.9,196994.0
12/01/21,6.1,6.1,6.0,6.1,138212.0
12/01/21,34.0,34.7,32.9,33.6,314258.0
12/01/21,6.8,6.8,6.0,6.0,964746.0
12/01/21,16.6,16.6,16.0,16.6,854238.0
12/01/21,2800.0,2855.0,2800.0,2850.0,500.0
12/01/21,10.2,10.5,10.2,10.3,552164.0
12/01/21,54.0,54.9,52.0,52.5,165065.0
12/01/21,21.5,21.7,21.0,21.5,555782.0
12/01/21,63.0,63.0,59.9,60.0,10257.0
12/01/21,249.0,249.9,246.1,249.9,74342.0
12/01/21,52.2,52.2,50.1,51.0,17492.0
12/01/21,26.4,26.4,25.6,25.9,601658.0
12/01/21,41.6,42.7,41.5,41.8,28813.0
12/01/21,8.7,8.9,8.7,8.7,25121.0
12/01/21,22.3,22.3,21.5,21.8,746900.0
12/01/21,1110.0,1120.0,1110.0,1115.6,16380.0
12/01/21,267.0,267.0,261.1,262.5,4705.0
12/01/21,10.1,10.1,9.8,9.9,432264.0
12/01/21,10.4,10.4,10.0,10.1,84718.0
12/01/21,8.2,8.4,8.1,8.3,168138.0
12/01/21,7.2,7.2,7.0,7.0,75648.0
12/01/21,115.0,115.0,112.0,114.5,463.0
12/02/21,6.6,6.6,6.4,6.6,400814.0
12/02/21,21.5,21.5,21.0,21.2,372850.0
12/02/21,43.5,44.9,42.1,43.8,191143.0
12/02/21,28.0,28.8,27.6,28.2,148717.0
12/02/21,5.8,5.9,5.8,5.9,879688.0
12/02/21,14.6,14.8,14.4,14.7,3310499.0
12/02/21,30.0,31.4,30.0,30.8,267255.0
12/02/21,294.0,300.0,289.2,298.0,117536.0
12/02/21,149.0,158.1,149.0,157.3,23890.0
12/02/21,83.7,85.9,82.8,85.3,299908.0
12/02/21,24.0,25.1,23.4,24.3,4155431.0
12/02/21,56.0,57.4,54.7,56.2,102495.0
12/02/21,25.5,26.1,25.3,25.5,777137.0
12/02/21,31.2,32.1,30.7,31.9,974497.0
12/02/21,26.9,27.5,26.8,27.3,24572.0
12/02/21,21.3,22.3,20.9,22.0,926618.0
12/02/21,53.0,53.6,52.1,53.2,153231.0
12/02/21,8.5,8.8,8.5,8.8,38442.0
12/02/21,42.1,44.8,42.1,44.4,161553.0
12/02/21,68.3,69.5,67.9,68.8,101440.0
12/02/21,26.5,26.9,26.2,26.6,133434.0
12/02/21,14.5,14.6,14.1,14.3,6835742.0
12/02/21,16.4,16.5,15.0,16.3,93547.0
12/02/21,60.8,62.8,60.5,62.4,915264.0
12/02/21,380.5,387.9,377.0,379.5,892.0
12/02/21,210.0,211.8,206.7,209.3,10778.0
12/02/21,37.3,37.3,35.0,36.3,26666.0
12/02/21,383.1,395.0,383.1,391.7,69953.0
12/02/21,41.4,43.1,41.3,42.7,128965.0
12/02/21,127.5,129.5,126.5,128.2,10573.0
12/02/21,236.9,241.9,233.9,241.6,2760.0
12/02/21,119.0,120.8,118.4,119.9,10776.0
12/02/21,121.8,121.8,116.0,119.8,10719.0
12/02/21,8.3,8.5,8.2,8.3,945322.0
12/02/21,284.0,294.0,283.0,293.8,7076.0
12/02/21,30.9,31.3,29.0,30.1,172674.0
12/02/21,17.7,18.2,17.6,18.1,324578.0
12/02/21,82.3,83.0,81.3,82.0,69994.0
12/02/21,61.7,62.7,61.5,62.6,16259.0
12/02/21,10.0,10.1,9.9,10.1,147249.0
12/02/21,95.0,100.8,91.3,94.5,5421.0
12/02/21,94.6,94.6,91.0,93.3,15360.0
12/02/21,112.5,114.0,111.6,113.0,14221.0
12/02/21,20.4,20.7,20.2,20.5,95986.0
12/02/21,23.6,25.1,23.5,24.8,842329.0
12/02/21,885.0,885.0,875.0,877.7,1062.0
12/02/21,626.1,633.2,622.0,631.4,152992.0
12/02/21,33.0,34.4,32.7,34.1,1466967.0
12/02/21,16.1,16.4,16.1,16.4,38680.0
12/02/21,57.4,59.3,57.4,58.1,704718.0
12/02/21,123.6,125.7,120.0,125.0,8912.0
12/02/21,24.1,24.5,24.0,24.4,382799.0
12/02/21,60.4,63.0,60.2,62.5,462981.0
12/02/21,171.2,173.0,167.1,172.3,34208.0
12/02/21,20.7,20.8,20.2,20.4,600814.0
12/02/21,16.1,16.8,16.1,16.6,28623.0
12/02/21,25.7,27.7,25.6,27.3,754418.0
12/02/21,222.5,232.7,222.5,230.1,698999.0
12/02/21,22.1,22.1,21.0,21.8,114481.0
12/02/21,1770.0,1774.0,1763.0,1771.3,877.0
12/02/21,164.9,172.3,155.2,168.2,9348847.0
12/02/21,48.0,48.3,47.5,47.9,47502.0
12/02/21,6.4,6.4,6.0,6.3,17376.0
12/02/21,114.3,119.0,114.0,117.0,7059.0
12/02/21,44.6,45.6,44.0,45.3,35795.0
12/02/21,37.2,39.0,36.6,38.6,1258882.0
12/02/21,53.8,55.1,52.3,54.4,3526974.0
12/02/21,45.2,47.4,45.1,46.9,456466.0
12/02/21,181.2,198.0,179.1,196.6,561923.0
12/02/21,100.5,110.9,100.1,109.5,641190.0
12/02/21,66.2,74.0,66.2,73.7,771274.0
12/02/21,203.0,211.0,195.3,209.1,1073386.0
12/02/21,10.0,10.0,9.8,10.0,257700.0
12/02/21,17.4,17.6,17.3,17.4,133189.0
12/02/21,51.5,52.0,50.9,51.2,59550.0
12/02/21,12.1,12.4,12.0,12.2,250035.0
12/02/21,27.4,28.0,26.2,27.6,813808.0
12/02/21,39.8,40.6,39.0,40.4,306889.0
12/02/21,7.5,7.6,7.4,7.6,369573.0
12/02/21,115.0,118.7,113.4,118.0,143765.0
12/02/21,42.8,44.7,42.8,44.2,61883.0
12/02/21,32.2,33.2,31.2,32.8,266867.0
12/02/21,52.8,53.0,52.0,53.0,43124.0
12/02/21,158.2,161.7,156.5,157.4,90351.0
12/02/21,20.3,21.0,20.1,21.0,252308.0
12/02/21,60.6,60.7,59.5,60.2,13230.0
12/02/21,77.3,79.0,76.0,78.9,49969.0
12/02/21,7.9,8.0,7.9,7.9,98085.0
12/02/21,210.0,213.6,204.0,208.4,1561634.0
12/02/21,8.7,8.8,8.6,8.7,605685.0
12/02/21,35.5,37.0,35.0,36.6,137505.0
12/02/21,19.8,21.2,19.7,20.5,830276.0
12/02/21,38.5,38.8,37.5,38.4,60193.0
12/02/21,14.8,14.9,14.5,14.6,1772526.0
12/02/21,73.6,73.6,70.7,70.8,52024.0
12/02/21,24.5,25.6,24.1,25.6,421078.0
12/02/21,67.1,72.8,67.0,70.8,642415.0
12/02/21,142.0,148.0,142.0,147.8,8759.0
12/02/21,15.2,15.7,15.1,15.6,502465.0
12/02/21,49.4,50.9,49.4,50.9,350.0
12/02/21,81.0,83.5,79.0,81.7,1484687.0
12/02/21,106.0,106.3,104.0,105.2,146591.0
12/02/21,38.1,38.8,37.0,38.0,196037.0
12/02/21,2418.2,2419.0,2340.0,2352.0,5034.0
12/02/21,38.1,38.9,37.9,38.9,383822.0
12/02/21,7.8,7.8,7.7,7.8,43367.0
12/02/21,6.4,6.5,6.4,6.4,257073.0
12/02/21,120.0,125.0,120.0,125.0,472.0
12/02/21,56.0,56.0,53.1,54.8,54606.0
12/02/21,50.0,51.8,50.0,51.4,65719.0
12/02/21,32.2,33.4,32.0,33.3,186336.0
12/02/21,34.6,35.8,34.0,34.5,234970.0
12/02/21,49.5,53.4,46.0,49.3,15619.0
12/02/21,41.0,42.9,41.0,42.5,164395.0
12/02/21,34.3,34.7,33.1,34.5,133978.0
12/02/21,10.2,10.5,10.2,10.3,473638.0
12/02/21,6.7,6.8,6.6,6.7,438870.0
12/02/21,13.0,13.4,13.0,13.3,3228932.0
12/02/21,4.8,4.9,4.7,4.8,998173.0
12/02/21,11.6,11.9,11.6,11.7,441068.0
12/02/21,6.7,6.7,6.6,6.6,13641.0
12/02/21,47.9,48.9,47.2,47.6,87306.0
12/02/21,6.8,6.9,6.7,6.9,343130.0
12/02/21,5.6,5.7,5.5,5.6,1696515.0
12/02/21,35.9,35.9,34.8,35.2,89506.0
12/02/21,16.0,17.0,15.0,16.4,1535258.0
12/02/21,39.7,40.3,39.1,40.1,28179.0
12/02/21,7.5,7.5,7.1,7.1,48594.0
12/02/21,15.0,15.8,14.6,15.4,35858171.0
12/02/21,96.6,97.1,94.0,94.5,1334498.0
12/02/21,16.2,16.7,16.2,16.6,454895.0
12/02/21,34.5,39.0,34.2,38.8,1450711.0
12/02/21,222.2,225.0,220.0,221.1,42469.0
12/02/21,157.1,161.2,156.0,157.7,507364.0
12/02/21,5.8,5.9,5.7,5.8,378373.0
12/02/21,16.7,17.0,16.5,16.9,244064.0
12/02/21,31.0,32.0,30.7,31.8,26052.0
12/02/21,46.8,47.0,46.3,46.7,159821.0
12/02/21,20.8,21.7,20.1,21.3,6159555.0
12/02/21,355.0,359.8,353.0,358.7,126718.0
12/02/21,53.0,56.4,52.5,56.0,1625486.0
12/02/21,102.5,104.5,102.5,102.9,14841.0
12/02/21,16.4,16.5,16.2,16.3,289126.0
12/02/21,7.9,7.9,7.7,7.7,74253.0
12/02/21,92.9,93.9,90.0,92.0,102331.0
12/02/21,22.9,25.0,22.6,24.8,7167408.0
12/02/21,47.5,48.3,46.9,47.6,119871.0
12/02/21,278.0,282.9,276.8,278.0,1949.0
12/02/21,25.9,25.9,25.0,25.2,1150205.0
12/02/21,55.3,56.9,53.0,54.7,82732.0
12/02/21,45.0,45.0,44.0,44.0,210.0
12/02/21,267.7,271.9,267.7,270.1,12319.0
12/02/21,18.9,19.0,18.4,18.7,368628.0
12/02/21,113.6,125.5,113.6,122.6,177634.0
12/02/21,6.9,6.9,6.7,6.8,47085.0
12/02/21,8.6,9.0,8.6,9.0,42200.0
12/02/21,10.3,10.6,10.3,10.4,351819.0
12/02/21,7.2,7.3,7.1,7.2,31246.0
12/02/21,5.5,5.5,5.4,5.5,610582.0
12/02/21,7.8,8.1,7.8,8.1,3989.0
12/02/21,59.7,63.2,58.6,63.0,3739552.0
12/02/21,47.9,49.7,46.2,48.9,283713.0
12/02/21,18.9,19.4,18.2,19.1,15414549.0
12/02/21,5.9,6.0,5.8,5.9,584699.0
12/02/21,6.5,6.6,6.5,6.6,66710.0
12/02/21,6.6,6.8,6.6,6.7,120299.0
12/02/21,24.5,24.5,23.8,24.0,10644.0
12/02/21,117.0,131.5,117.0,129.6,651334.0
12/02/21,26.9,27.3,25.6,27.0,70643.0
12/02/21,19.7,20.0,19.1,19.7,454702.0
12/02/21,39.0,41.3,39.0,40.9,357274.0
12/02/21,31.5,32.3,31.5,32.2,425672.0
12/02/21,26.4,27.9,26.4,27.4,1038229.0
12/02/21,64.3,64.3,62.0,63.5,151599.0
12/02/21,35.3,35.6,34.5,35.4,21624.0
12/02/21,32.9,32.9,31.7,32.1,110880.0
12/02/21,23.9,24.2,23.5,24.0,699714.0
12/02/21,171.7,173.7,171.5,171.8,5390.0
12/02/21,42.0,43.0,41.9,42.5,69689.0
12/02/21,327.0,327.0,315.2,320.0,12313.0
12/02/21,110.0,110.0,110.0,110.0,468.0
12/02/21,39.5,40.7,38.5,39.6,186628.0
12/02/21,293.8,299.9,281.5,299.8,7506.0
12/02/21,10.1,10.3,10.0,10.2,216922.0
12/02/21,61.2,64.8,61.2,64.5,102308.0
12/02/21,7.0,7.2,6.9,7.1,2937116.0
12/02/21,394.9,397.0,390.0,394.7,3140.0
12/02/21,33.0,34.0,32.1,33.8,372273.0
12/02/21,9.0,9.4,8.9,9.0,501748.0
12/02/21,33.4,35.0,32.6,34.5,1929827.0
12/02/21,39.5,41.2,38.9,40.9,5076984.0
12/02/21,57.6,57.8,56.7,57.4,25946.0
12/02/21,73.6,77.0,73.1,76.7,1686373.0
12/02/21,774.0,774.0,731.0,740.0,2055.0
12/02/21,1398.7,1404.9,1390.0,1400.0,2741.0
12/02/21,36.0,37.5,36.0,37.1,794114.0
12/02/21,40.1,41.0,39.1,40.7,483434.0
12/02/21,7.0,7.1,6.9,7.0,1134228.0
12/02/21,23.6,24.2,23.2,23.7,2463226.0
12/02/21,29.2,29.5,28.5,29.1,1924404.0
12/02/21,2299.0,2310.9,2289.0,2310.0,9247.0
12/02/21,57.5,58.9,57.5,58.3,261386.0
12/02/21,8.3,8.3,8.2,8.3,35881.0
12/02/21,15.3,15.4,14.7,15.1,3434.0
12/02/21,76.4,78.9,76.4,77.4,23805.0
12/02/21,70.6,70.6,68.1,69.2,51129.0
12/02/21,19.3,19.4,18.9,18.9,9613.0
12/02/21,18.1,19.5,17.9,19.3,13535958.0
12/02/21,44.0,46.9,44.0,46.4,29378.0
12/02/21,20.2,20.3,19.6,19.9,472428.0
12/02/21,26.3,26.8,26.1,26.6,603683.0
12/02/21,72.0,72.0,67.1,69.3,11264.0
12/02/21,17.8,18.3,17.6,18.0,488898.0
12/02/21,25.6,25.7,25.1,25.5,189814.0
12/02/21,63.8,64.8,62.7,63.9,91221.0
12/02/21,11.2,12.7,11.0,12.7,51263.0
12/02/21,86.0,94.7,85.6,94.4,529749.0
12/02/21,23.9,24.5,23.8,24.2,2015547.0
12/02/21,497.0,506.4,492.0,500.0,4648.0
12/02/21,108.9,111.4,107.6,109.8,41861.0
12/02/21,18.4,18.4,18.0,18.3,69255.0
12/02/21,147.1,153.9,145.6,153.9,19142.0
12/02/21,196.0,196.0,194.0,196.0,21054.0
12/02/21,20.0,20.3,19.9,20.1,128321.0
12/02/21,41.5,42.1,41.4,41.9,156053.0
12/02/21,214.5,218.1,211.3,214.4,24548.0
12/02/21,28.6,30.7,28.4,30.0,63959.0
12/02/21,8.1,8.2,8.0,8.1,6258784.0
12/02/21,15.5,15.9,15.3,15.6,2028388.0
12/02/21,8.7,8.8,8.7,8.8,75229.0
12/02/21,36.0,36.9,35.8,36.4,429178.0
12/02/21,20.0,20.0,19.6,19.7,658364.0
12/02/21,55.7,58.0,52.1,57.6,623704.0
12/02/21,52.8,54.0,52.5,53.3,152684.0
12/02/21,13.6,13.7,13.6,13.6,217724.0
12/02/21,251.1,254.0,246.0,250.0,4898.0
12/02/21,47.0,48.6,46.1,47.6,50420.0
12/02/21,50.3,51.8,50.0,51.6,266496.0
12/02/21,28.8,29.3,28.0,28.9,5004642.0
12/02/21,540.0,540.0,540.0,540.0,1371.0
12/02/21,83.0,83.5,82.3,83.0,62506.0
12/02/21,7.0,7.1,6.9,7.0,187348.0
12/02/21,10.9,11.0,10.7,10.8,501978.0
12/02/21,17.6,18.2,17.5,18.1,121175.0
12/02/21,159.3,162.0,158.5,161.2,159756.0
12/02/21,18.9,19.9,18.6,19.2,35056970.0
12/02/21,91.1,100.4,89.0,96.4,2032071.0
12/02/21,102.0,104.4,100.8,102.3,1726148.0
12/02/21,47.9,47.9,47.0,47.4,30446.0
12/02/21,216.3,218.9,213.2,218.8,11422.0
12/02/21,141.6,147.0,137.0,145.2,82153.0
12/02/21,71.5,71.5,70.6,70.8,132801.0
12/02/21,12.4,12.5,12.1,12.3,1140891.0
12/02/21,31.5,32.2,31.0,31.3,1011713.0
12/02/21,47.2,47.9,46.0,47.5,115218.0
12/02/21,8.8,9.0,8.8,9.0,102903.0
12/02/21,505.0,505.0,492.0,501.3,27045.0
12/02/21,55.4,58.5,54.4,57.1,25096.0
12/02/21,25.7,26.9,25.7,26.9,186690.0
12/02/21,5.7,5.8,5.7,5.7,318545.0
12/02/21,107.0,111.9,107.0,111.1,97624.0
12/02/21,5.6,5.7,5.5,5.7,686953.0
12/02/21,76.7,82.0,76.7,80.6,9637.0
12/02/21,55.7,61.8,55.0,61.6,8369725.0
12/02/21,79.5,82.9,79.2,82.8,46890.0
12/02/21,83.1,84.7,83.1,83.5,13926.0
12/02/21,15.2,15.9,15.1,15.5,8032684.0
12/02/21,62.0,63.3,62.0,62.8,47930.0
12/02/21,8.6,9.1,8.5,9.0,491062.0
12/02/21,7.4,7.4,7.2,7.3,40277.0
12/02/21,22.1,23.0,21.9,22.9,1029800.0
12/02/21,16.1,16.8,15.8,16.6,1721901.0
12/02/21,53.1,55.0,52.2,54.5,140462.0
12/02/21,54.0,56.9,54.0,56.0,29467.0
12/02/21,22.4,22.7,21.8,22.2,251531.0
12/02/21,100.0,101.0,98.1,98.8,40534.0
12/02/21,118.7,118.8,115.5,116.1,10748.0
12/02/21,94.1,98.6,93.6,98.1,1843686.0
12/02/21,26.3,27.5,26.3,26.9,321630.0
12/02/21,35.8,36.8,35.6,36.1,176256.0
12/02/21,47.2,47.9,47.0,47.2,45685.0
12/02/21,25.6,25.6,25.0,25.6,421130.0
12/02/21,236.0,236.0,236.0,236.0,25.0
12/02/21,44.0,45.2,43.9,45.0,304964.0
12/02/21,130.6,138.0,130.1,138.0,3565.0
12/02/21,50.5,51.2,49.5,50.2,297853.0
12/02/21,4976.4,5000.0,4950.0,5000.0,520.0
12/02/21,10.2,10.2,9.9,9.9,312540.0
12/02/21,11.0,11.0,11.0,11.0,39000.0
12/02/21,81.7,83.6,81.3,81.3,13484.0
12/02/21,1292.0,1348.8,1291.2,1340.9,141388.0
12/02/21,950.3,966.3,940.0,964.6,204.0
12/02/21,48.5,48.7,46.0,48.2,38166.0
12/02/21,9.8,9.9,9.6,9.8,1066239.0
12/02/21,6.2,6.2,6.0,6.1,147165.0
12/02/21,38.5,39.0,38.1,38.8,632423.0
12/02/21,21.8,22.5,21.5,22.4,164625.0
12/02/21,52.8,54.5,51.5,53.9,33688.0
12/02/21,34.2,35.4,34.2,35.2,109260.0
12/02/21,42.0,43.0,41.0,42.7,443264.0
12/02/21,60.1,61.9,58.7,60.5,53785.0
12/02/21,23.9,23.9,22.8,23.0,584768.0
12/02/21,41.5,42.5,41.2,42.2,2847320.0
12/02/21,15.3,15.4,15.0,15.2,232547.0
12/02/21,19.1,19.4,18.9,19.3,991569.0
12/02/21,26.0,26.8,25.3,26.3,77071.0
12/02/21,53.1,54.8,53.0,54.0,441964.0
12/02/21,71.8,73.4,69.2,71.1,5795.0
12/02/21,84.0,86.9,84.0,85.3,51239.0
12/02/21,31.7,32.7,31.1,32.7,228435.0
12/02/21,24.6,25.4,24.5,25.2,164232.0
12/02/21,152.0,160.0,152.0,155.0,1102.0
12/02/21,18.0,18.4,17.6,18.2,1354437.0
12/02/21,43.2,43.2,41.7,42.6,465045.0
12/02/21,8.9,8.9,8.8,8.8,146258.0
12/02/21,9.4,9.6,9.4,9.5,77888.0
12/02/21,9.8,9.8,9.4,9.6,154165.0
12/02/21,22.3,23.0,22.3,22.8,254860.0
12/02/21,24.5,25.3,23.3,25.3,107154.0
12/02/21,30.2,30.6,28.0,30.3,125941.0
12/02/21,15.2,15.9,15.0,15.3,550003.0
12/02/21,83.8,83.8,75.0,77.9,3922.0
12/02/21,15.2,16.3,14.9,15.9,2528670.0
12/02/21,24.9,25.6,24.8,25.5,188637.0
12/02/21,18.5,18.7,18.0,18.6,627438.0
12/02/21,15.0,15.4,15.0,15.3,270286.0
12/02/21,169.0,170.9,169.0,170.9,10617.0
12/02/21,44.6,47.4,43.9,47.0,52249.0
12/02/21,65.5,65.5,64.5,65.5,4555904.0
12/02/21,27.5,28.2,27.2,27.7,212418.0
12/02/21,430.0,430.0,419.2,420.1,1855.0
12/02/21,63.7,64.1,62.6,63.9,129043.0
12/02/21,588.0,629.4,562.0,629.3,518601.0
12/02/21,68.5,69.5,67.0,68.7,155303.0
12/02/21,17.4,17.4,16.7,16.8,56565.0
12/02/21,16.4,16.7,16.3,16.6,2092404.0
12/02/21,31.0,32.9,30.7,32.3,785478.0
12/02/21,51.0,53.1,50.6,53.1,142293.0
12/02/21,215.1,222.4,213.0,221.7,788332.0
12/02/21,20.2,20.6,19.8,20.5,1196480.0
12/02/21,155.0,159.9,155.0,157.0,9822.0
12/02/21,76.6,78.1,74.9,76.4,40843.0
12/02/21,10.8,11.3,10.6,11.0,3936367.0
12/02/21,95.6,98.8,95.6,97.4,38785.0
12/02/21,38.9,42.4,38.6,41.5,3399027.0
12/02/21,35.0,35.0,33.3,34.5,11803.0
12/02/21,53.5,53.5,51.6,53.4,49244.0
12/02/21,9.7,10.0,9.7,9.9,60854.0
12/02/21,131.9,131.9,120.0,121.2,3348.0
12/02/21,35.7,38.0,35.5,37.5,729963.0
12/02/21,18.4,18.5,17.3,18.4,439056.0
12/02/21,6.1,6.2,6.0,6.2,445705.0
12/02/21,34.2,34.4,33.3,34.4,147972.0
12/02/21,6.2,6.2,5.7,6.0,299227.0
12/02/21,16.1,16.6,16.1,16.6,1096050.0
12/02/21,2840.0,2859.9,2837.1,2841.0,312.0
12/02/21,10.2,10.5,10.0,10.4,573704.0
12/02/21,52.1,54.0,51.7,53.4,167793.0
12/02/21,21.3,22.5,20.9,22.4,1421727.0
12/02/21,60.0,61.5,60.0,61.4,9701.0
12/02/21,247.1,265.0,246.5,261.0,260030.0
12/02/21,52.0,52.0,50.2,50.4,1826.0
12/02/21,25.5,27.4,25.5,27.0,5844395.0
12/02/21,41.7,43.3,41.6,42.9,48169.0
12/02/21,8.9,8.9,8.9,8.9,22894.0
12/02/21,8.7,8.8,8.7,8.8,46563.0
12/02/21,21.3,22.0,21.3,21.8,369665.0
12/02/21,1120.0,1160.0,1109.0,1149.9,9326.0
12/02/21,260.5,264.0,260.0,264.0,5775.0
12/02/21,10.3,10.4,10.0,10.3,52867.0
12/02/21,8.1,8.2,8.0,8.1,104162.0
12/02/21,7.0,7.1,6.8,6.8,207318.0
12/02/21,113.4,113.4,103.0,112.9,2618.0
12/09/21,6.7,6.7,6.5,6.6,362245.0
12/09/21,21.2,21.5,21.1,21.3,430915.0
12/09/21,50.9,50.9,48.4,48.6,668858.0
12/09/21,31.1,31.5,30.4,30.6,614042.0
12/09/21,5.8,5.9,5.8,5.8,358414.0
12/09/21,14.6,14.7,14.4,14.5,1553125.0
12/09/21,31.9,32.8,31.6,32.0,271019.0
12/09/21,300.0,300.2,298.0,298.9,80714.0
12/09/21,159.9,159.9,157.2,157.9,7904.0
12/09/21,88.3,89.0,88.0,88.1,108104.0
12/09/21,26.9,27.4,26.4,26.6,3728937.0
12/09/21,57.9,58.5,56.7,57.0,269972.0
12/09/21,28.5,28.9,27.5,27.8,1251435.0
12/09/21,32.3,33.1,31.9,32.6,1424766.0
12/09/21,29.4,29.4,28.8,29.0,32039.0
12/09/21,24.0,24.2,23.4,23.5,1347689.0
12/09/21,54.2,54.5,53.7,53.8,118981.0
12/09/21,8.7,8.8,8.6,8.7,41450.0
12/09/21,46.5,47.9,45.0,46.6,172667.0
12/09/21,75.5,76.9,74.1,75.8,425973.0
12/09/21,26.9,26.9,26.5,26.6,187399.0
12/09/21,15.4,16.5,15.3,16.2,9423901.0
12/09/21,16.5,17.0,16.0,16.7,226971.0
12/09/21,57.9,58.0,56.3,57.4,614503.0
12/09/21,436.0,455.0,434.1,447.8,6441.0
12/09/21,251.0,269.3,245.3,269.0,122532.0
12/09/21,40.0,45.3,38.8,44.1,756208.0
12/09/21,382.2,391.0,378.0,380.8,69082.0
12/09/21,44.1,44.8,43.9,44.3,68499.0
12/09/21,140.5,150.0,140.5,148.6,76135.0
12/09/21,267.9,272.0,262.1,270.1,48358.0
12/09/21,125.0,128.9,120.7,128.9,20047.0
12/09/21,127.0,127.5,122.6,126.8,6712.0
12/09/21,10.6,10.8,10.2,10.2,3342117.0
12/09/21,316.1,329.0,310.1,326.0,15324.0
12/09/21,33.0,34.4,32.8,34.4,90478.0
12/09/21,19.0,19.5,18.9,19.2,236784.0
12/09/21,86.9,88.4,86.1,86.4,91815.0
12/09/21,64.4,65.8,63.3,64.3,116691.0
12/09/21,10.1,10.1,9.9,9.9,220067.0
12/09/21,105.0,107.4,102.5,107.4,5456.0
12/09/21,111.2,115.0,107.3,112.0,98300.0
12/09/21,121.5,127.3,120.0,125.8,95428.0
12/09/21,20.2,20.4,20.2,20.4,49218.0
12/09/21,25.2,25.3,24.9,25.2,228447.0
12/09/21,891.0,910.0,880.0,880.0,4617.0
12/09/21,644.8,652.3,642.0,650.2,275429.0
12/09/21,34.9,35.0,34.0,34.2,1098747.0
12/09/21,17.1,17.2,16.9,17.0,200986.0
12/09/21,59.7,59.7,58.7,58.9,259558.0
12/09/21,140.7,146.8,140.0,144.2,56148.0
12/09/21,24.8,25.5,24.8,25.1,751473.0
12/09/21,62.0,62.0,60.2,60.7,466966.0
12/09/21,197.2,207.6,195.0,205.3,185061.0
12/09/21,21.6,21.9,21.5,21.6,692312.0
12/09/21,18.4,18.5,18.0,18.1,91875.0
12/09/21,32.5,33.9,31.7,33.7,733752.0
12/09/21,230.5,244.7,230.5,241.8,334140.0
12/09/21,23.7,23.8,22.9,23.2,142537.0
12/09/21,1773.0,1779.8,1763.0,1778.8,13913.0
12/09/21,164.0,165.9,161.0,163.5,4470197.0
12/09/21,50.6,50.6,49.0,49.1,30908.0
12/09/21,6.6,7.1,6.6,6.8,17340.0
12/09/21,123.2,123.2,116.6,117.1,42710.0
12/09/21,46.1,46.1,45.3,45.3,69729.0
12/09/21,38.8,38.9,38.4,38.6,381895.0
12/09/21,55.9,55.9,54.9,55.6,2149500.0
12/09/21,49.6,51.5,49.6,50.0,1145773.0
12/09/21,186.5,187.9,186.1,187.1,142877.0
12/09/21,107.6,111.5,107.5,110.9,214643.0
12/09/21,72.5,73.5,72.3,72.6,243779.0
12/09/21,208.0,209.0,205.4,206.1,316970.0
12/09/21,10.0,10.1,9.9,10.0,136847.0
12/09/21,17.8,17.9,17.4,17.6,148800.0
12/09/21,54.5,54.8,53.0,53.9,116205.0
12/09/21,15.1,15.4,14.5,14.7,1059836.0
12/09/21,27.9,28.0,27.5,27.6,409739.0
12/09/21,42.2,42.2,41.1,41.6,222556.0
12/09/21,7.7,7.8,7.6,7.6,250787.0
12/09/21,120.1,122.3,119.9,121.0,81512.0
12/09/21,45.7,45.7,44.8,45.0,103911.0
12/09/21,34.9,34.9,33.9,34.1,93555.0
12/09/21,196.9,206.0,195.1,204.0,294210.0
12/09/21,21.2,21.8,20.9,21.3,675222.0
12/09/21,62.0,62.5,60.3,60.3,5541.0
12/09/21,78.8,79.3,78.0,78.8,111538.0
12/09/21,7.9,7.9,7.7,7.8,322200.0
12/09/21,202.5,204.5,194.0,196.2,956010.0
12/09/21,10.3,10.5,10.0,10.2,1956355.0
12/09/21,36.8,36.8,36.0,36.6,82096.0
12/09/21,22.6,22.9,21.9,22.0,970181.0
12/09/21,40.4,40.4,39.6,39.7,26818.0
12/09/21,14.5,14.7,14.5,14.5,728933.0
12/09/21,73.1,73.1,71.7,72.1,41206.0
12/09/21,27.0,27.5,26.5,26.8,697008.0
12/09/21,71.0,71.9,69.6,71.4,350535.0
12/09/21,171.9,177.9,167.1,175.4,91587.0
12/09/21,16.9,17.3,16.8,17.0,1550905.0
12/09/21,53.3,53.3,48.0,52.0,18935.0
12/09/21,81.8,81.9,80.5,80.7,353563.0
12/09/21,109.1,112.6,107.6,108.1,82660.0
12/09/21,39.8,39.8,39.0,39.1,108943.0
12/09/21,2510.1,2618.2,2510.1,2618.2,10494.0
12/09/21,38.9,38.9,38.2,38.3,270390.0
12/09/21,7.7,7.9,7.7,7.8,20352.0
12/09/21,6.5,6.5,6.4,6.5,188603.0
12/09/21,136.7,136.7,131.1,132.8,3412.0
12/09/21,55.7,55.7,53.8,54.0,320260.0
12/09/21,51.9,52.0,51.1,51.4,75125.0
12/09/21,33.9,34.3,33.8,33.9,103021.0
12/09/21,39.4,40.5,38.4,39.5,1012542.0
12/09/21,49.0,49.1,48.0,49.0,386646.0
12/09/21,35.9,36.7,35.7,36.1,117400.0
12/09/21,10.8,11.2,10.8,11.0,925791.0
12/09/21,6.8,6.8,6.7,6.7,288053.0
12/09/21,13.2,13.2,13.0,13.0,898131.0
12/09/21,5.3,5.3,5.1,5.2,971115.0
12/09/21,12.8,13.0,12.6,12.6,531632.0
12/09/21,7.0,7.0,6.9,6.9,21436.0
12/09/21,53.0,53.7,51.6,51.9,52260.0
12/09/21,8.4,8.5,7.8,7.8,2626769.0
12/09/21,5.6,5.7,5.5,5.6,750164.0
12/09/21,36.0,36.0,35.2,35.3,113283.0
12/09/21,17.6,17.8,17.2,17.5,718940.0
12/09/21,52.2,53.1,48.1,51.7,606139.0
12/09/21,14.5,14.6,14.1,14.2,12289819.0
12/09/21,92.5,92.8,88.8,89.6,1100659.0
12/09/21,19.6,19.7,18.5,18.7,2015467.0
12/12/21,6.6,6.7,6.5,6.5,545239.0
12/12/21,21.5,21.6,21.0,21.2,252645.0
12/12/21,48.6,48.6,45.4,46.1,464785.0
12/12/21,30.4,30.9,29.2,29.7,366796.0
12/12/21,5.8,5.9,5.8,5.8,273068.0
12/12/21,14.5,14.5,14.2,14.3,1232340.0
12/12/21,32.5,32.6,31.6,31.6,145610.0
12/12/21,300.0,300.0,295.0,295.4,113170.0
12/12/21,159.0,160.5,157.0,158.0,17756.0
12/12/21,88.0,88.0,86.4,86.5,166071.0
12/12/21,26.6,26.8,25.8,25.9,3178131.0
12/12/21,57.2,57.2,56.2,56.5,109759.0
12/12/21,28.2,28.9,27.1,27.2,1292780.0
12/12/21,32.8,32.8,31.8,31.9,927885.0
12/12/21,29.0,29.7,29.0,29.4,45512.0
12/12/21,23.4,23.6,22.4,22.6,1276287.0
12/12/21,53.1,54.0,52.7,53.1,279368.0
12/12/21,8.6,8.8,8.6,8.6,71020.0
12/12/21,47.7,47.7,45.0,45.3,102638.0
12/12/21,77.0,78.8,75.1,75.6,320712.0
12/12/21,26.4,26.7,26.3,26.6,327293.0
12/12/21,16.5,16.5,15.3,15.5,5641694.0
12/12/21,16.9,16.9,16.0,16.0,72458.0
12/12/21,57.5,58.6,56.7,57.1,340946.0
12/12/21,461.5,486.9,461.5,486.9,8252.0
12/12/21,282.0,287.0,265.0,273.7,156428.0
12/12/21,45.5,45.5,41.5,43.5,822464.0
12/12/21,388.9,394.9,371.0,374.9,129049.0
12/12/21,45.0,45.0,43.7,43.8,97039.0
12/12/21,155.0,163.4,155.0,159.8,255548.0
12/12/21,289.0,289.0,280.0,285.9,105756.0
12/12/21,135.0,140.2,133.3,135.7,93110.0
12/12/21,128.9,134.0,128.9,130.0,70977.0
12/12/21,10.2,10.2,9.6,9.7,2631215.0
12/12/21,353.0,353.0,348.0,353.0,63257.0
12/12/21,34.9,35.8,34.2,34.6,134553.0
12/12/21,19.1,19.3,18.6,18.7,184425.0
12/12/21,86.1,87.0,84.1,85.0,246327.0
12/12/21,65.5,65.6,63.1,63.9,69473.0
12/12/21,10.0,10.0,10.0,10.0,72205.0
12/12/21,105.0,107.5,95.0,105.0,7160.0
12/12/21,114.8,122.4,114.8,119.9,147846.0
12/12/21,131.9,138.3,130.0,131.6,109237.0
12/12/21,20.6,20.6,20.3,20.4,137885.0
12/12/21,25.1,25.2,24.7,24.8,388347.0
12/12/21,909.0,940.0,900.0,915.0,4536.0
12/12/21,653.9,669.0,653.9,659.0,361114.0
12/12/21,34.2,34.4,33.0,33.1,1104253.0
12/12/21,17.0,17.2,16.6,16.8,170684.0
12/12/21,59.1,59.5,57.0,58.0,789820.0
12/12/21,155.0,158.6,148.1,152.2,76473.0
12/12/21,25.1,25.7,25.1,25.2,963764.0
12/12/21,60.3,61.3,58.5,58.9,627385.0
12/12/21,216.0,223.2,216.0,219.5,293753.0
12/12/21,21.6,21.8,20.9,20.9,580171.0
12/12/21,18.0,18.9,18.0,18.1,89828.0
12/12/21,34.3,35.2,33.6,34.2,557263.0
12/12/21,241.0,243.0,235.3,237.7,568567.0
12/12/21,23.6,23.6,22.6,22.7,76799.0
12/12/21,1778.6,1792.0,1770.6,1791.9,2513.0
12/12/21,163.6,164.4,157.2,159.9,3472515.0
12/12/21,49.4,49.8,48.8,48.9,42824.0
12/12/21,7.1,7.1,6.5,6.7,25898.0
12/12/21,117.5,121.0,116.0,116.0,58930.0
12/12/21,45.7,46.0,45.0,45.5,124660.0
12/12/21,39.0,39.4,38.6,38.7,811771.0
12/12/21,56.4,56.4,54.3,54.5,624765.0
12/12/21,50.0,50.3,48.7,48.8,613354.0
12/12/21,187.3,189.5,187.1,187.5,118442.0
12/12/21,113.5,113.5,108.0,108.1,173806.0
12/12/21,72.1,73.0,71.7,72.0,112279.0
12/12/21,209.0,209.0,199.9,200.5,465309.0
12/12/21,10.1,10.1,9.8,9.9,220472.0
12/12/21,17.7,17.7,17.4,17.4,185396.0
12/12/21,54.3,54.7,51.5,53.0,331022.0
12/12/21,14.9,14.9,14.0,14.0,611910.0
12/12/21,27.6,27.7,27.3,27.4,673390.0
12/12/21,42.0,42.2,41.0,41.2,212156.0
12/12/21,7.6,7.8,7.5,7.7,509032.0
12/12/21,120.9,121.0,118.8,119.7,71196.0
12/12/21,45.5,45.6,44.2,44.4,117897.0
12/12/21,34.1,34.2,32.5,33.1,216718.0
12/12/21,55.0,55.0,52.7,53.0,58858.0
12/12/21,211.0,219.4,207.1,208.2,476215.0
12/12/21,21.6,21.7,20.1,20.4,643494.0
12/12/21,60.0,61.7,60.0,60.1,2166.0
12/12/21,78.3,79.0,78.0,78.0,201318.0
12/12/21,7.9,7.9,7.8,7.8,404471.0
12/12/21,194.4,194.4,185.0,186.4,1065923.0
12/12/21,10.3,10.3,9.7,9.8,1257347.0
12/12/21,36.8,36.8,36.2,36.2,19013.0
12/12/21,22.0,22.5,21.0,21.2,627335.0
12/12/21,39.7,39.7,38.5,38.7,74029.0
12/12/21,14.5,14.6,14.3,14.5,776040.0
12/12/21,71.1,72.9,70.6,70.7,115785.0
12/12/21,27.4,27.5,25.8,26.0,297559.0
12/12/21,71.4,72.0,70.2,71.2,204148.0
12/12/21,181.0,188.8,178.1,181.3,121093.0
12/12/21,17.1,17.1,16.3,16.4,917929.0
12/12/21,55.8,55.8,50.0,50.0,13279.0
12/12/21,81.0,81.3,80.5,80.7,424828.0
12/12/21,109.0,109.0,103.6,103.9,213261.0
12/12/21,39.1,39.1,37.9,38.1,139355.0
12/12/21,2749.1,2749.1,2749.1,2749.1,1504.0
12/12/21,38.8,38.8,37.7,38.6,366887.0
12/12/21,7.9,7.9,7.8,7.8,117076.0
12/12/21,6.5,6.5,6.4,6.4,272362.0
12/12/21,139.0,140.1,133.5,135.3,13306.0
12/12/21,55.0,55.4,53.7,54.0,164124.0
12/12/21,51.2,51.2,49.8,50.0,291213.0
12/12/21,34.0,34.2,32.6,32.7,206920.0
12/12/21,41.4,41.5,37.6,38.6,332892.0
12/12/21,48.0,50.0,48.0,50.0,638570.0
12/12/21,43.4,43.4,42.5,42.5,107826.0
12/12/21,36.6,36.6,35.9,36.0,133746.0
12/12/21,11.2,11.2,10.6,10.7,471046.0
12/12/21,6.7,6.7,6.5,6.5,643063.0
12/12/21,13.0,13.1,12.9,13.0,1428678.0
12/12/21,5.2,5.2,5.0,5.1,532443.0
12/12/21,12.8,12.8,12.2,12.3,548264.0
12/12/21,7.0,7.0,6.7,6.9,16836.0
12/12/21,54.9,54.9,51.1,53.0,89853.0
12/12/21,7.9,8.2,7.7,7.7,1505492.0
12/12/21,5.7,5.7,5.5,5.6,707628.0
12/12/21,35.8,35.8,34.6,34.7,186890.0
12/12/21,17.4,17.4,16.7,16.9,642067.0
12/12/21,52.4,56.7,52.4,53.9,416610.0
12/12/21,7.3,7.6,7.3,7.6,151502.0
12/12/21,14.2,14.2,13.3,13.4,17081394.0
12/12/21,90.0,98.0,85.8,92.9,3432054.0
12/12/21,17.6,17.7,16.5,16.7,1324608.0
12/12/21,38.3,39.7,36.5,37.4,377200.0
12/12/21,307.9,307.9,289.0,292.6,267290.0
12/12/21,167.9,180.0,166.8,173.3,989674.0
12/12/21,6.6,6.7,6.2,6.3,892747.0
12/12/21,18.0,18.1,17.3,17.5,223514.0
12/12/21,33.9,33.9,32.7,33.6,9427.0
12/12/21,47.3,47.9,46.2,46.4,174416.0
12/12/21,21.8,21.8,20.8,21.0,3137425.0
12/12/21,360.0,360.8,357.1,358.8,83570.0
12/12/21,57.4,58.0,55.0,55.5,2250043.0
12/12/21,120.8,126.7,119.1,123.0,182925.0
12/12/21,16.5,16.6,16.3,16.4,189217.0
12/12/21,7.8,7.8,7.7,7.7,113290.0
12/12/21,96.3,99.3,96.3,98.8,50314.0
12/12/21,27.2,27.7,25.5,26.2,6842816.0
12/12/21,59.8,62.5,58.5,60.9,490756.0
12/12/21,283.0,284.0,277.0,277.7,9564.0
12/12/21,25.9,26.0,24.6,24.7,852297.0
12/12/21,58.9,61.4,58.9,60.8,418180.0
12/12/21,45.3,45.3,44.9,44.9,10300.0
12/12/21,272.0,278.5,272.0,274.8,3651.0
12/12/21,19.9,19.9,19.1,19.2,349908.0
12/12/21,123.3,125.9,122.0,122.3,63008.0
12/12/21,6.9,6.9,6.8,6.9,43583.0
12/12/21,9.2,9.2,8.8,9.0,7850.0
12/12/21,10.2,10.3,10.0,10.1,285278.0
12/12/21,7.3,7.3,7.2,7.3,50819.0
12/12/21,5.4,5.4,5.2,5.3,564825.0
12/12/21,8.0,8.1,7.9,7.9,8813.0
12/12/21,61.3,61.6,60.2,60.5,543810.0
12/12/21,49.8,50.0,48.5,49.3,170704.0
12/12/21,18.6,18.6,17.8,17.9,12597843.0
12/12/21,5.9,6.0,5.8,5.9,255029.0
12/12/21,6.6,6.7,6.6,6.6,24441.0
12/12/21,7.6,7.6,7.2,7.2,440846.0
12/12/21,27.4,28.0,26.7,27.4,35226.0
12/12/21,128.0,129.5,125.4,127.4,157631.0
12/12/21,31.6,32.6,31.4,31.7,203376.0
12/12/21,21.1,21.1,20.6,20.6,305310.0
12/12/21,40.7,40.7,39.6,40.5,291696.0
12/12/21,32.8,32.8,31.6,32.0,349761.0
12/12/21,28.0,28.2,25.9,26.6,1014182.0
12/12/21,64.1,64.1,61.4,61.7,220708.0
12/12/21,46.5,49.7,46.5,48.8,502857.0
12/12/21,34.4,35.0,33.9,34.0,40099.0
12/12/21,23.8,23.9,23.7,23.8,413642.0
12/12/21,174.4,175.0,172.5,173.0,5648.0
12/12/21,44.0,44.0,42.0,42.2,329971.0
12/12/21,368.0,372.0,355.1,355.5,67090.0
12/12/21,121.1,126.8,121.0,122.3,4385.0
12/12/21,41.4,41.4,39.0,39.5,215516.0
12/12/21,315.0,324.0,300.0,302.3,42683.0
12/12/21,12.6,12.6,11.6,11.7,427577.0
12/12/21,65.5,66.4,64.2,65.7,640626.0
12/12/21,7.6,7.7,7.3,7.4,3322749.0
12/12/21,419.0,435.0,414.5,419.1,13911.0
12/12/21,33.7,34.2,33.5,33.7,189019.0
12/12/21,10.2,10.4,10.0,10.1,316240.0
12/12/21,35.6,36.4,35.3,36.0,1535651.0
12/12/21,40.7,40.7,39.7,39.8,1652806.0
12/12/21,70.0,72.9,70.0,70.8,214527.0
12/12/21,78.0,78.2,76.2,76.5,1026651.0
12/12/21,952.6,952.6,925.5,952.6,23491.0
12/12/21,1624.9,1624.9,1601.0,1615.9,102800.0
12/12/21,38.4,38.4,36.5,36.6,753174.0
12/12/21,41.3,41.3,40.2,40.4,250336.0
12/12/21,7.1,7.1,7.0,7.0,1648818.0
12/12/21,27.2,27.4,25.6,25.9,3805604.0
12/12/21,29.8,29.9,28.6,29.2,2993306.0
12/12/21,2336.0,2350.0,2323.6,2332.0,9548.0
12/12/21,60.1,60.8,58.8,59.0,187105.0
12/12/21,8.2,8.3,8.2,8.2,227692.0
12/12/21,17.2,17.5,17.0,17.5,63323.0
12/12/21,79.5,82.3,76.0,77.2,27139.0
12/12/21,70.8,72.6,70.2,70.3,73542.0
12/12/21,23.5,24.9,22.7,24.5,46692.0
12/12/21,18.3,18.3,17.7,17.8,4261526.0
12/12/21,49.0,49.8,47.5,47.5,47333.0
12/12/21,24.9,25.2,23.6,23.8,925851.0
12/12/21,26.8,27.0,25.5,25.9,773765.0
12/12/21,68.1,71.1,68.1,68.6,15502.0
12/12/21,18.2,18.3,17.6,17.8,234995.0
12/12/21,29.8,30.1,29.0,29.5,457338.0
12/12/21,66.2,66.2,64.1,64.5,264382.0
12/12/21,14.6,15.0,13.3,14.1,42340.0
12/12/21,91.2,92.0,90.5,90.8,69911.0
12/12/21,26.8,26.8,25.5,25.6,2293795.0
12/12/21,580.6,618.0,580.6,618.0,27219.0
12/12/21,124.8,127.0,121.5,121.5,213926.0
12/12/21,22.1,22.8,21.5,21.7,178028.0
12/12/21,196.2,197.4,196.0,196.6,7497.0
12/12/21,20.0,20.3,19.8,19.8,114548.0
12/12/21,43.9,43.9,42.2,42.2,87282.0
12/12/21,209.0,209.0,200.0,201.6,6690.0
12/12/21,31.0,31.0,30.2,30.4,36633.0
12/12/21,8.1,8.1,7.9,8.0,4081792.0
12/12/21,15.6,15.6,15.3,15.5,1425478.0
12/12/21,8.9,8.9,8.8,8.8,137420.0
12/12/21,37.3,37.4,36.5,37.0,345651.0
12/12/21,21.9,22.8,21.2,22.4,1492612.0
12/12/21,56.1,56.5,52.8,53.2,912324.0
12/12/21,56.2,56.2,54.9,55.0,119326.0
12/12/21,13.6,13.8,13.6,13.7,488178.0
12/12/21,300.0,315.0,300.0,310.1,44714.0
12/12/21,50.0,50.0,48.1,48.3,38775.0
12/12/21,52.9,53.4,52.1,52.3,208030.0
12/12/21,28.8,28.9,27.6,27.7,2665121.0
12/12/21,575.0,591.3,560.0,591.1,8472.0
12/12/21,91.9,95.8,90.8,91.4,227399.0
12/12/21,8.0,8.0,7.5,7.5,200941.0
12/12/21,12.8,12.8,11.8,11.9,738273.0
12/12/21,19.3,19.4,19.0,19.0,75518.0
12/12/21,165.9,167.5,163.0,163.3,67689.0
12/12/21,18.4,18.4,16.5,16.5,53026019.0
12/12/21,97.5,101.9,97.3,97.7,1221659.0
12/12/21,100.3,101.5,97.7,99.6,1482956.0
12/12/21,47.7,48.2,47.1,47.2,124678.0
12/12/21,219.9,219.9,215.5,215.5,8879.0
12/12/21,177.0,183.0,172.1,173.4,164809.0
12/12/21,73.0,74.0,71.4,71.6,96291.0
12/12/21,13.4,13.4,12.7,12.7,1208865.0
12/12/21,33.3,33.5,32.9,33.1,883238.0
12/12/21,50.5,51.2,49.8,51.1,291891.0
12/12/21,9.0,9.0,8.7,8.8,369478.0
12/12/21,628.4,628.4,607.6,628.4,226851.0
12/12/21,59.7,59.7,55.0,55.1,53286.0
12/12/21,26.9,27.0,25.3,25.4,290193.0
12/12/21,5.8,5.8,5.6,5.7,781266.0
12/12/21,113.0,113.3,107.6,108.1,99944.0
12/12/21,5.6,5.7,5.6,5.6,362509.0
12/12/21,80.2,80.8,79.0,79.3,55928.0
12/12/21,61.4,61.4,57.7,58.0,2851921.0
12/12/21,86.5,86.5,83.0,83.2,27510.0
12/12/21,89.7,90.4,87.5,89.0,21408.0
12/12/21,15.3,15.3,14.9,15.0,4308316.0
12/12/21,64.2,65.2,63.0,63.3,47745.0
12/12/21,9.3,9.3,8.9,9.0,270158.0
12/12/21,7.2,7.3,7.2,7.3,47720.0
12/12/21,22.4,22.5,22.3,22.4,536471.0
12/12/21,16.5,16.6,16.0,16.1,1099922.0
12/12/21,65.3,68.0,62.6,64.0,1468390.0
12/12/21,58.5,58.5,56.5,57.4,30260.0
12/12/21,24.4,25.5,24.0,24.6,979598.0
12/12/21,104.3,112.0,104.3,108.8,235791.0
12/12/21,112.8,113.9,108.0,108.7,288959.0
12/12/21,93.0,94.0,92.2,92.6,784130.0
12/12/21,27.4,27.5,26.8,27.2,96025.0
12/12/21,37.9,37.9,36.7,36.8,126714.0
12/12/21,49.5,49.5,48.1,48.3,44816.0
12/12/21,26.9,27.1,26.1,26.2,583389.0
12/12/21,368.8,379.0,352.0,358.3,283592.0
12/12/21,280.6,280.6,280.6,280.6,3478.0
12/12/21,45.9,47.3,45.5,46.1,417932.0
12/12/21,166.8,167.9,159.5,160.8,181494.0
12/12/21,52.9,53.0,51.4,52.2,226480.0
12/12/21,5455.4,5455.4,5400.0,5455.2,8830.0
12/12/21,11.2,11.2,11.0,11.1,55553.0
12/12/21,86.9,86.9,83.3,83.8,4268.0
12/12/21,1316.2,1319.8,1302.0,1311.1,40647.0
12/12/21,1145.0,1145.0,1095.0,1117.0,1820.0
12/12/21,50.1,51.3,49.6,49.7,37716.0
12/12/21,10.6,10.6,10.3,10.3,1480561.0
12/12/21,6.4,6.5,6.2,6.2,419999.0
12/12/21,39.0,39.2,38.6,39.0,918030.0
12/12/21,25.0,25.0,23.8,24.1,212164.0
12/12/21,53.5,53.5,51.4,52.1,37436.0
12/12/21,34.6,34.9,34.1,34.2,187407.0
12/12/21,43.6,43.9,42.6,42.9,299779.0
12/12/21,63.0,63.0,61.2,61.7,34864.0
12/12/21,26.0,26.3,25.3,25.5,1285266.0
12/12/21,42.6,45.6,42.6,44.4,10638416.0
12/12/21,16.6,16.8,16.2,16.3,441202.0
12/12/21,22.5,22.7,21.6,22.1,840862.0
12/12/21,28.0,28.0,27.4,27.5,36345.0
12/12/21,53.9,54.9,53.0,53.4,657293.0
12/12/21,84.0,88.0,84.0,85.9,83615.0
12/12/21,97.8,97.8,93.8,94.9,406274.0
12/12/21,34.0,34.0,32.5,32.9,140048.0
12/12/21,26.5,26.5,25.8,25.9,108778.0
12/12/21,184.0,191.9,181.4,187.7,6455.0
12/12/21,18.0,18.1,17.6,17.7,1312808.0
12/12/21,45.1,45.4,43.8,44.0,338471.0
12/12/21,9.0,9.0,8.9,8.9,117087.0
12/12/21,9.8,9.8,9.4,9.5,105292.0
12/12/21,9.7,9.7,9.5,9.6,110564.0
12/12/21,22.7,22.9,22.3,22.5,288512.0
12/12/21,25.8,26.1,25.4,25.4,100155.0
12/12/21,32.0,33.2,31.3,32.0,1122372.0
12/12/21,19.0,19.1,17.7,18.0,929384.0
12/12/21,98.9,98.9,92.0,95.4,37199.0
12/12/21,15.3,15.3,15.0,15.0,1018244.0
12/12/21,27.0,27.4,26.3,26.3,365715.0
12/12/21,19.5,19.6,18.9,19.0,246312.0
12/12/21,17.3,17.6,16.9,17.0,461866.0
12/12/21,172.1,173.9,172.1,173.5,81354.0
12/12/21,54.0,55.9,52.8,53.2,324952.0
12/12/21,78.6,80.0,74.4,74.8,1989327.0
12/12/21,33.9,34.4,31.5,31.7,609284.0
12/12/21,497.6,497.6,477.5,486.3,47436.0
12/12/21,64.3,64.7,63.1,63.3,97620.0
12/12/21,664.1,691.1,664.1,691.1,584161.0
12/12/21,71.3,72.5,68.2,71.5,155546.0
12/12/21,19.8,21.1,19.6,20.1,375774.0
12/12/21,16.4,16.4,15.9,16.2,1665925.0
12/12/21,31.9,32.0,30.5,30.6,583131.0
12/12/21,95.3,96.5,92.0,92.2,451787.0
12/12/21,52.8,53.0,52.1,52.1,72035.0
12/12/21,219.3,220.0,218.2,218.7,266150.0
12/12/21,21.9,22.3,21.1,21.3,1823661.0
12/12/21,175.3,187.9,175.3,184.1,47562.0
12/12/21,78.0,78.0,76.0,76.5,129143.0
12/12/21,10.7,11.0,10.7,10.9,3316923.0
12/12/21,120.9,126.5,119.4,124.4,194448.0
12/12/21,40.9,40.9,40.2,40.4,327365.0
12/12/21,33.6,36.5,33.6,35.0,25015.0
12/12/21,54.5,54.5,52.0,53.4,33094.0
12/12/21,11.1,11.1,10.5,10.6,90266.0
12/12/21,160.0,160.0,150.9,155.0,27273.0
12/12/21,37.1,37.4,37.0,37.1,178237.0
12/12/21,18.9,19.0,17.3,17.7,1077676.0
12/12/21,6.1,6.2,6.0,6.1,419441.0
12/12/21,33.7,34.0,33.7,33.8,141566.0
12/12/21,6.2,6.4,6.2,6.2,101205.0
12/12/21,16.3,16.3,16.0,16.1,1025822.0
12/12/21,3103.7,3103.7,3010.0,3046.4,7242.0
12/12/21,11.0,11.0,10.3,10.4,595653.0
12/12/21,54.8,54.8,52.3,52.7,48512.0
12/12/21,23.0,23.5,22.3,22.4,553046.0
12/12/21,65.8,65.8,60.0,61.8,22433.0
12/12/21,258.9,258.9,255.4,255.9,72174.0
12/12/21,59.6,59.6,57.0,57.1,14602.0
12/12/21,26.1,26.2,25.8,26.0,893484.0
12/12/21,45.0,45.0,42.6,42.7,40174.0
12/12/21,8.2,8.2,8.0,8.1,423785.0
12/12/21,8.9,8.9,8.8,8.8,56602.0
12/12/21,23.3,23.3,22.5,22.5,603116.0
12/12/21,1191.7,1200.0,1180.2,1185.0,5821.0
12/12/21,285.0,299.7,285.0,292.3,61644.0
12/12/21,11.4,11.6,10.7,10.8,810073.0
12/12/21,11.5,11.5,11.1,11.2,147819.0
12/12/21,9.1,9.2,9.0,9.0,303421.0
12/12/21,7.7,7.8,7.5,7.5,95486.0
12/12/21,136.0,136.0,132.5,135.0,6154.0
